form	lemma	POS	morph
༄༅། །		PUNCT
རྒྱ་གར་	རྒྱ་གར་	PROPN
སྐད་	སྐད་	NOUN
དུ་	ལ་	PART
།		PUNCT
མ་	མ་	PART
དྷྱཱ་		NON_WORD
མི་	མི་	PART
ཀ་	ཀ་	DET
ཨ་	ཨ་	X
ལཾ་		NON_WORD
ཀཱ་	ཀཱ་	NO_POS
ར་	ར་	ADP
ཀཱ་	ཀཱ་	NO_POS
རི་	རི་	NOUN
ཀཱ་	ཀཱ་	NO_POS
།		PUNCT
བོད་སྐད་	བོད་སྐད་	PROPN
དུ་	ལ་	PART
།		PUNCT
དབུ་མ་	དབུ་མ་	PROPN
རྒྱན་	རྒྱན་	NOUN
གྱི་	གི་	PART
ཚིག་ལེའུ་	ཚིག་ལེའུ་	OTHER
ར་	ལ་	PART
བྱས་པ་	བྱས་པ་	VERB
།		PUNCT
འཇམ་དཔལ་	འཇམ་དཔལ་	PROPN
གཞོན་ནུ་	གཞོན་ནུ་	ADJ
ར་	ལ་	PART
གྱུར་པ་	གྱུར་པ་	VERB
ལ་	ལ་	ADP
ཕྱག་	ཕྱག་	NOUN
འཚལ་	འཚལ་	VERB
ལོ་	ལོ་	NOUN
། །		PUNCT
བདག་	བདག་	PRON
དང་	དང་	NO_POS
གཞན་	གཞན་	DET
སྨྲ་	སྨྲ་	VERB
འི་	གི་	PART
དངོ་	དངོ་	NOUN
འདི་དག་	འདི་དག་	NO_POS
།		PUNCT
ཡང་དག་	ཡང་དག་	ADJ
ཏུ་	ལ་	PART
ན་	ན་	ADP
གཅིག་པ་	གཅིག་པ་	ADJ
དང་	དང་	NO_POS
། །		PUNCT
དུ་མ་	དུ་མ་	ADJ
འི་	གི་	PART
རང་བཞིན་	རང་བཞིན་	NOUN
བྲལ་བ་	བྲལ་བ་	VERB
འི་	གི་	PART
ཕྱི་	ཕྱི་	OTHER
། །		PUNCT
རང་བཞིན་	རང་བཞིན་	NOUN
མེད་	མེད་	VERB
དེ་	དེ་	DET
གཟུགས་བརྙན་	གཟུགས་བརྙན་	NOUN
བཞིན་	བཞིན་	NOUN
། །		PUNCT
འབྲས་བུ་	འབྲས་བུ་	NOUN
རིམ་ཅན་	རིམ་ཅན་	NO_POS
ཉེ་	ཉེ་	NUM
སྦྱོར་བ་	སྦྱོར་བ་	VERB
ས་	གིས་	PART
། །		PUNCT
རྟག་	རྟག་	VERB
རྣམས་	རྣམས་	DET
གཅིག་པུ་	གཅིག་པུ་	ADJ
འི་	གི་	PART
བདག་ཉིད་	བདག་ཉིད་	NOUN
མིན་	མིན་	AUX
། །		PUNCT
འབྲས་བུ་	འབྲས་བུ་	NOUN
རེ་རེ་	རེ་རེ་	DET
ཐ་དད་	ཐ་དད་	ADJ
ན་	ན་	ADP
། །		PUNCT
དེ་དག་	དེ་དག་	OTHER
རྟག་	རྟག་	VERB
ལ་	ལ་	ADP
ས་	གིས་	PART
ཉམས་པ་	ཉམས་པ་	VERB
ར་	ལ་	PART
འགྱུར་	འགྱུར་	VERB
། །		PUNCT
བསྒོམས་	བསྒོམས་	VERB
ལ་	ལ་	ADP
ས་	གིས་	PART
བྱུང་བ་	བྱུང་བ་	VERB
འི་	གི་	PART
ཤེས་པ་	ཤེས་པ་	VERB
ཡི་	གིས་	PART
། །		PUNCT
ཤེས་བྱ་	ཤེས་བྱ་	VERB
འདུས་མ་བྱས་	འདུས་མ་བྱས་	NO_POS
སྨྲ་བ་	སྨྲ་བ་	VERB
འི་	གི་	PART
། །		PUNCT
ལུགས་	ལུགས་	NOUN
ལ་	ལ་	ADP
འང་	ཀྱང་	PART
གཅིག་	གཅིག་	NUM
མིན་	མིན་	AUX
དེ་དག་	དེ་དག་	OTHER
ནི་	ནི་	NO_POS
། །		PUNCT
རིམ་ཅན་	རིམ་ཅན་	NO_POS
ཤེ་	ཤེ་	VERB
དང་	དང་	NO_POS
འབྲེལ་	འབྲེལ་	VERB
ཕྱི་	ཕྱི་	OTHER
རོ་	རོ་	NOUN
། །		PUNCT
རྣམ་ཤེས་	རྣམ་ཤེས་	NOUN
སྔ་མ་	སྔ་མ་	ADJ
ས་	གིས་	PART
ཤེས་བྱ་བ་	ཤེས་བྱ་བ་	VERB
འི་	གི་	PART
། །		PUNCT
རང་བཞིན་	རང་བཞིན་	NOUN
རྗེས་སུ་	རྗེས་སུ་	OTHER
འབྲང་	འབྲང་	VERB
ན་	ན་	ADP
ནི་	ནི་	NO_POS
། །		PUNCT
ཤེས་པ་	ཤེས་པ་	VERB
སྔ་མ་	སྔ་མ་	ADJ
འང་	ཀྱང་	PART
ཕྱི་མ་	ཕྱི་མ་	ADJ
ར་	ལ་	PART
འགྱུར་	འགྱུར་	VERB
། །		PUNCT
ཕྱི་མ་	ཕྱི་མ་	ADJ
འང་	ཀྱང་	PART
དེ་བཞིན་	དེ་བཞིན་	OTHER
སྔ་མ་	སྔ་མ་	ADJ
ར་	ལ་	PART
འགྱུར་	འགྱུར་	VERB
། །		PUNCT
སྔོན་	སྔོན་	ADV
དང་	དང་	NO_POS
ཕྱི་མ་	ཕྱི་མ་	ADJ
འི་	གི་	PART
གནས་	གནས་	NOUN
རྣམས་	རྣམས་	DET
སུ་	སུ་	ADP
། །		PUNCT
དེ་	དེ་	DET
ཡི་	ཡི་	ADP
ངོ་བོ་	ངོ་བོ་	NOUN
མི་	མི་	PART
འབྱུང་	འབྱུང་	VERB
ན་	ན་	ADP
། །		PUNCT
འདུས་མ་བྱས་	འདུས་མ་བྱས་	NO_POS
དེ་	དེ་	DET
ཤེས་པ་	ཤེས་པ་	VERB
བཞིན་	བཞིན་	NOUN
། །		PUNCT
སྐད་ཅིག་	སྐད་ཅིག་	OTHER
འབྱུང་བ་	འབྱུང་བ་	VERB
ར་	ལ་	PART
ཤེས་པ་	ཤེས་པ་	VERB
ར་	ལ་	PART
བྱ་	བྱ་	VERB
། །		PUNCT
སྔ་མ་	སྔ་མ་	ADJ
སྔ་མ་	སྔ་མ་	ADJ
འི་	གི་	PART
སྐད་ཅིག་	སྐད་ཅིག་	OTHER
གི་	གི་	PART
།		PUNCT
མཐུ་	མཐུ་	NOUN
ཡི་	གིས་	PART
འབྱུང་བ་	འབྱུང་བ་	VERB
ར་	ལ་	PART
འགྱུར་བ་	འགྱུར་བ་	VERB
ན་	ན་	ADP
། །		PUNCT
འདུས་མ་བྱས་	འདུས་མ་བྱས་	NO_POS
སུ་	སུ་	ADP
འདི་	འདི་	DET
མི་	མི་	PART
འགྱུར་	འགྱུར་	VERB
། །		PUNCT
སེམས་	སེམས་	NOUN
དང་སེམས་	དང་སེམས་	NO_POS
ལ་	ལ་	ADP
ས་	གིས་	PART
བྱུང་བ་	བྱུང་བ་	VERB
བཞིན་	བཞིན་	NOUN
། །		PUNCT
སྐད་ཅིག་པ་	སྐད་ཅིག་པ་	OTHER
རྣམས་	རྣམས་	DET
འདི་དག་	འདི་དག་	NO_POS
ཏུ་	ལ་	PART
། །		PUNCT
རང་དབང་	རང་དབང་	NOUN
འབྱུང་བ་	འབྱུང་བ་	VERB
ར་	ལ་	PART
འདོད་	འདོད་	VERB
ན་	ན་	ADP
ནི་	ནི་	NO_POS
། །		PUNCT
གཞན་	གཞན་	DET
ལ་	ལ་	ADP
ལྟོས་པ་	ལྟོས་པ་	VERB
མེད་པ་	མེད་པ་	VERB
འི་	གི་	PART
ཕྱི་	ཕྱི་	OTHER
། །		PUNCT
རྟག་	རྟག་	VERB
ཏུ་	ལ་	PART
ཡོད་པ་	ཡོད་པ་	VERB
འམ་	གམ་	PART
མེད་པ་	མེད་པ་	VERB
ར་	ལ་	PART
འགྱུར་	འགྱུར་	VERB
། །		PUNCT
དོན་	དོན་	NOUN
བྱེད་	བྱེད་	VERB
ནུས་པ་	ནུས་པ་	VERB
མ་	མ་	PART
ཡིན་	ཡིན་	NO_POS
ལ་	ལ་	ADP
། །		PUNCT
དེ་	དེ་	DET
འདོད་	འདོད་	VERB
བརྟགས་པ་	བརྟགས་པ་	VERB
ས་	གིས་	PART
ཅི་ཞིག་	ཅི་ཞིག་	NO_POS
བྱ་	བྱ་	VERB
། །		PUNCT
མ་ནིང་	མ་ནིང་	OTHER
གཟུགས་བཟང་	གཟུགས་བཟང་	NO_POS
མི་	མི་	PART
བཟང་	བཟང་	VERB
ཞེ་	ཅེས་	PART
། །		PUNCT
འདོད་	འདོད་	VERB
ལྡན་	ལྡན་	VERB
རྣམས་	རྣམས་	DET
ཀྱིས་	གིས་	PART
བརྟགས་	བརྟགས་	VERB
ཅི་	ཅི་	NO_POS
ཕན་	ཕན་	NOUN
། །		PUNCT
སྐད་ཅིག་	སྐད་ཅིག་	OTHER
སྐད་ཅིག་མ་	སྐད་ཅིག་མ་	ADJ
ཡིན་པ་	ཡིན་པ་	AUX
ར་	ལ་	PART
། །		PUNCT
གང་ཟག་	གང་ཟག་	NOUN
བསྟན་	བསྟན་	VERB
དུ་	ལ་	PART
མི་	མི་	PART
རུང་བ་	རུང་བ་	VERB
ས་	གིས་	PART
། །		PUNCT
གཅིག་	གཅིག་	NUM
དང་	དང་	NO_POS
དུ་མ་	དུ་མ་	ADJ
འི་	གི་	PART
རང་བཞིན་	རང་བཞིན་	NOUN
དང་	དང་	NO_POS
། །		PUNCT
བྲལ་བ་	བྲལ་བ་	VERB
ར་	ལ་	PART
གསལ་བ་	གསལ་བ་	VERB
ར་	ལ་	PART
རབ་ཏུ་	རབ་ཏུ་	NO_POS
ཤེ་	ཤེ་	VERB
། །		PUNCT
ཐ་དད་	ཐ་དད་	ADJ
ཕྱོགས་ཅན་	ཕྱོགས་ཅན་	NO_POS
དང་	དང་	NO_POS
འབྲེལ་	འབྲེལ་	VERB
ཕྱི་	ཕྱི་	OTHER
། །		PUNCT
ཁྱབ་	ཁྱབ་	VERB
རྣམས་	རྣམས་	DET
གཅིག་པུ་	གཅིག་པུ་	ADJ
ར་	ལ་	PART
ག་ལ་	ག་ལ་	NO_POS
འགྱུར་	འགྱུར་	VERB
། །		PUNCT
བསྒྲིབས་	བསྒྲིབས་	NO_POS
དང་	དང་	NO_POS
མ་	མ་	PART
བསྒྲིབས་	བསྒྲིབས་	NO_POS
དངོ་	དངོ་	NOUN
སོགས་	སོགས་	DET
ཕྱི་	ཕྱི་	OTHER
། །		PUNCT
རགས་པ་	རགས་པ་	VERB
རྣམས་	རྣམས་	DET
ཀྱང་	ཀྱང་	PART
གཅིག་པུ་	གཅིག་པུ་	ADJ
མིན་	མིན་	AUX
། །		PUNCT
འབྱར་བ་	འབྱར་བ་	VERB
དང་	དང་	NO_POS
ནི་	ནི་	NO_POS
བསྐོར་བ་	བསྐོར་བ་	VERB
འམ་	གམ་	PART
། །		PUNCT
བ་	བ་	NOUN
མེད་	མེད་	VERB
རྣམ་པ་	རྣམ་པ་	NOUN
ར་	ལ་	PART
གནས་	གནས་	NOUN
ཀྱང་	ཀྱང་	PART
རུང་	རུང་	SCONJ
། །		PUNCT
དབུ་	དབུ་	NOUN
གནས་	གནས་	NOUN
རྡུལ་ཕྲན་	རྡུལ་ཕྲན་	NOUN
རྡུལ་	རྡུལ་	NOUN
གཅིག་	གཅིག་	NUM
ལ་	ལ་	ADP
། །		PUNCT
བལྟས་་	བལྟས་པ་	VERB
འི་	གི་	PART
རང་བཞིན་	རང་བཞིན་	NOUN
གང་ཡིན་པ་	གང་ཡིན་པ་	NO_POS
། །		PUNCT
རྡུལ་ཕྲན་	རྡུལ་ཕྲན་	NOUN
གཞན་	གཞན་	DET
ལ་	ལ་	ADP
ལྟ་བ་	ལྟ་བ་	VERB
ཡང་	ཀྱང་	PART
། །		PUNCT
དེ་ཉིད་	དེ་ཉིད་	NOUN
གལ་ཏེ་	གལ་ཏེ་	NO_POS
ཡིན་	ཡིན་	NO_POS
བརྗོད་	བརྗོད་	VERB
ན་	ན་	ADP
"།

།"		PUNCT
དེ་ལྟ་	དེ་ལྟ་	NO_POS
ཡིན་	ཡིན་	NO_POS
ན་	ན་	ADP
དེ་ལྟ་	དེ་ལྟ་	NO_POS
བུ་	བུ་	NOUN
། །		PUNCT
ས་	ས་	ADP
ཆུ་	ཆུ་	NOUN
ལ་སོགས་	ལ་སོགས་	NO_POS
རྒྱ་	རྒྱ་	VERB
འགྱུར་	འགྱུར་	VERB
རམ་	གམ་	PART
། །		PUNCT
རྡུལ་ཕྲན་	རྡུལ་ཕྲན་	NOUN
གཞན་	གཞན་	DET
ལ་	ལ་	ADP
ལྟ་བ་	ལྟ་བ་	VERB
འི་	གི་	PART
ངོ་	ངོ་	NOUN
། །		PUNCT
གལ་ཏེ་	གལ་ཏེ་	NO_POS
གཞན་	གཞན་	DET
དུ་	ལ་	PART
འདོད་	འདོད་	VERB
ན་	ན་	ADP
ནི་	ནི་	NO_POS
། །		PUNCT
རབ་ཏུ་	རབ་ཏུ་	NO_POS
ཕྲ་	ཕྲ་	NOUN
རྡུལ་	རྡུལ་	NOUN
ཇི་ལྟ་བུ་	ཇི་ལྟ་བུ་	NO_POS
ར་	ལ་	PART
། །		PUNCT
གཅིག་པུ་	གཅིག་པུ་	ADJ
ཆ་ཤས་	ཆ་ཤས་	NOUN
མེད་པ་	མེད་པ་	VERB
ར་	ལ་	PART
འགྱུར་	འགྱུར་	VERB
། །		PUNCT
རྡུལ་ཕྲན་	རྡུལ་ཕྲན་	NOUN
རང་བཞིན་	རང་བཞིན་	NOUN
མེད་	མེད་	VERB
གྲུབ་པ་	གྲུབ་པ་	VERB
། །		PUNCT
དེ་ཕྱིར་	དེ་ཕྱིར་	NO_POS
མིག་	མིག་	NOUN
དང་	དང་	NO_POS
རྫ་	རྫ་	NOUN
ལ་སོགས་	ལ་སོགས་	NO_POS
། །		PUNCT
བདག་	བདག་	PRON
དང་	དང་	NO_POS
གཞན་	གཞན་	DET
སྨྲ་	སྨྲ་	VERB
ས་	གིས་	PART
མང་པོ་	མང་པོ་	ADJ
དག་	དག་	DET
།		PUNCT
རང་བཞིན་	རང་བཞིན་	NOUN
མེད་པ་	མེད་པ་	VERB
ར་	ལ་	PART
མངོན་པ་	མངོན་པ་	VERB
ཡིན་	ཡིན་	NO_POS
། །		PUNCT
དེ་	དེ་	DET
ཡི་	ཡི་	ADP
རང་བཞིན་	རང་བཞིན་	NOUN
དེ་	དེ་	DET
ས་	གིས་	PART
བརྩམས་	བརྩམས་	VERB
དང་	དང་	NO_POS
། །		PUNCT
དེ་	དེ་	DET
ཡི་	ཡི་	ADP
ཡོན་ཏན་	ཡོན་ཏན་	NOUN
དེ་ལས་	དེ་ལས་	NO_POS
བདག་	བདག་	PRON
།		PUNCT
དེ་	དེ་	DET
ཡི་	ཡི་	ADP
སྤྱི་	སྤྱི་	DET
དང་	དང་	NO_POS
ཁྱད་པར་	ཁྱད་པར་	NOUN
ཡང་	ཀྱང་	PART
། །		PUNCT
དེ་དག་	དེ་དག་	OTHER
དེ་	དེ་	DET
དང་	དང་	NO_POS
འདུ་བ་	འདུ་བ་	VERB
ཅན་	ཅན་	PART
། །		PUNCT
རྣམ་ཤེས་	རྣམ་ཤེས་	NOUN
བེམ་པོ་	བེམ་པོ་	NOUN
འི་	གི་	PART
རང་བཞིན་	རང་བཞིན་	NOUN
ལ་	ལ་	ADP
ས་	གིས་	PART
། །		PUNCT
བཟློག་པ་	བཟློག་པ་	VERB
རབ་ཏུ་	རབ་ཏུ་	NO_POS
སྐྱེ་བ་	སྐྱེ་བ་	VERB
སྟེ་	སྟེ་	PART
། །		PUNCT
བེམ་	བེམ་	NO_POS
མིན་	མིན་	AUX
རང་བཞིན་	རང་བཞིན་	NOUN
གང་ཡིན་པ་	གང་ཡིན་པ་	NO_POS
། །		PUNCT
དེ་	དེ་	DET
འདི་	འདི་	DET
འི་	གི་	PART
བདག་ཉིད་	བདག་ཉིད་	NOUN
ཤེས་པ་	ཤེས་པ་	VERB
ཡིན་	ཡིན་	NO_POS
། །		PUNCT
གཅིག་པ་	གཅིག་པ་	ADJ
ཆ་མེད་	ཆ་མེད་	ADJ
རང་བཞིན་	རང་བཞིན་	NOUN
ལ་	ལ་	ADP
། །		PUNCT
གསུམ་	གསུམ་	NUM
གྱི་	གི་	PART
རང་བཞིན་	རང་བཞིན་	NOUN
མི་	མི་	PART
འཐད་	འཐད་	VERB
ཕྱི་	ཕྱི་	OTHER
། །		PUNCT
དེ་	དེ་	DET
ཡི་	ཡི་	ADP
རང་	རང་	PRON
གི་	གི་	PART
རིག་པ་	རིག་པ་	VERB
ནི་	ནི་	NO_POS
། །		PUNCT
བྱ་	བྱ་	VERB
དང་	དང་	NO_POS
བྱེད་པ་	བྱེད་པ་	VERB
འི་	གི་	PART
དངོས་པོ་	དངོས་པོ་	NOUN
ར་	ལ་	PART
མིན་	མིན་	AUX
། །		PUNCT
དེ་	དེ་	DET
འི་	གི་	PART
ཕྱི་	ཕྱི་	OTHER
འདི་	འདི་	DET
ནི་	ནི་	NO_POS
ཤེས་པ་	ཤེས་པ་	VERB
ཡི་	ཡི་	ADP
། །		PUNCT
རང་བཞིན་	རང་བཞིན་	NOUN
ཡིན་པ་	ཡིན་པ་	AUX
ས་	གིས་	PART
བདག་	བདག་	PRON
ཤེ་	ཤེ་	VERB
རུང་	རུང་	SCONJ
། །		PUNCT
དོན་	དོན་	NOUN
གྱི་	གི་	PART
རང་བཞིན་	རང་བཞིན་	NOUN
གཞན་དག་	གཞན་དག་	NO_POS
ལ་	ལ་	ADP
། །		PUNCT
དེ་	དེ་	DET
ཡི་	གིས་	PART
ཇི་ལྟ་		
ཤེས་པ་	ཤེས་པ་	VERB
ར་	ལ་	PART
འགྱུར་	འགྱུར་	VERB
། །		PUNCT
དེ་	དེ་	DET
ཡི་	ཡི་	ADP
རང་བཞིན་	རང་བཞིན་	NOUN
གཞན་	གཞན་	DET
ལ་	ལ་	ADP
མེད་	མེད་	VERB
། །		PUNCT
གང་	གང་	NO_POS
གིས་	གིས་	PART
དེ་	དེ་	DET
ཤེ་	ཤེ་	VERB
གཞན་	གཞན་	DET
ཡང་	ཀྱང་	PART
ཤེ་	ཤེ་	VERB
། །		PUNCT
ཤེ་	ཤེ་	VERB
དང་	དང་	NO_POS
ཤེས་པ་	ཤེས་པ་	VERB
ར་	ལ་	PART
བྱ་བ་	བྱ་བ་	VERB
འི་	གི་	PART
དོན་	དོན་	NOUN
། །		PUNCT
ཐ་དད་པ་	ཐ་དད་པ་	ADJ
ར་	ལ་	PART
ནི་	ནི་	NO_POS
འདོད་	འདོད་	VERB
ཕྱི་	ཕྱི་	OTHER
རོ་	རོ་	NOUN
། །		PUNCT
ཤེས་པ་	ཤེས་པ་	VERB
རྣམ་	རྣམ་	NOUN
བཅའ་	བཅའ་	VERB
ཕྱོགས་	ཕྱོགས་	NOUN
ལ་	ལ་	ADP
ནི་	ནི་	NO_POS
། །		PUNCT
དངོ་	དངོ་	NOUN
སུ་	སུ་	ADP
དེ་	དེ་	DET
གཉིས་	གཉིས་	NUM
ཐ་དད་	ཐ་དད་	ADJ
ཀྱང་	ཀྱང་	PART
། །		PUNCT
དེ་	དེ་	DET
དང་	དང་	NO_POS
གཟུགས་བརྙན་	གཟུགས་བརྙན་	NOUN
འདྲ་བ་	འདྲ་བ་	VERB
ས་	གིས་	PART
ན་	ན་	ADP
། །		PUNCT
བརྟགས་པ་	བརྟགས་པ་	VERB
ཙམ་	ཙམ་	DET
གྱིས་	གིས་	PART
ཚོར་བ་	ཚོར་བ་	VERB
ར་	ལ་	PART
རུང་	རུང་	SCONJ
། །		PUNCT
དོན་	དོན་	NOUN
གྱི་	གི་	PART
རྣམ་པ་	རྣམ་པ་	NOUN
ས་	གིས་	PART
བསྒྱུར་	བསྒྱུར་	VERB
ལྡན་པ་	ལྡན་པ་	VERB
འི་	གི་	PART
། །		PUNCT
རྣམ་ཤེས་	རྣམ་ཤེས་	NOUN
སུ་ཞིག་	སུ་ཞིག་	NO_POS
མི་འདོད་པ་	མི་འདོད་པ་	NO_POS
། །		PUNCT
དེ་	དེ་	DET
ལ་	ལ་	ADP
ཕྱི་རོལ་	ཕྱི་རོལ་	NOUN
རིག་པ་	རིག་པ་	VERB
ཡི་	ཡི་	ADP
། །		PUNCT
རྣམ་པ་	རྣམ་པ་	NOUN
འདི་	འདི་	DET
ཡང་	ཀྱང་	PART
ཡོད་	ཡོད་	VERB
མ་	མ་	PART
ཡིན་	ཡིན་	NO_POS
། །		PUNCT
ཤེ་	ཤེ་	VERB
གཅིག་	གཅིག་	NUM
ཐ་དད་	ཐ་དད་	ADJ
མ་ཡིན་པ་	མ་ཡིན་པ་	OTHER
ས་	གིས་	PART
། །		PUNCT
རྣམ་པ་	རྣམ་པ་	NOUN
མང་པོ་	མང་པོ་	ADJ
ར་	ལ་	PART
མི་	མི་	PART
འགྱུར་	འགྱུར་	VERB
ཏེ་	སྟེ་	PART
། །		PUNCT
དེ་ཕྱིར་	དེ་ཕྱིར་	NO_POS
དེ་	དེ་	DET
ཡི་	ཡི་	ADP
མཐུ་	མཐུ་	NOUN
ཡི་	གིས་	PART
ནི་	ནི་	NO_POS
། །		PUNCT
དོན་	དོན་	NOUN
ཤེ་	ཤེ་	VERB
འགྱུར་བ་	འགྱུར་བ་	VERB
ར་	ལ་	PART
གཞག་པ་	གཞག་པ་	VERB
མེད་	མེད་	VERB
། །		PUNCT
རྣམ་པ་	རྣམ་པ་	NOUN
རྣམས་	རྣམས་	DET
དང་	དང་	NO_POS
མ་	མ་	PART
བྲལ་བ་	བྲལ་བ་	VERB
ས་	གིས་	PART
། །		PUNCT
རྣམ་ཤེས་	རྣམ་ཤེས་	NOUN
གཅིག་པུ་	གཅིག་པུ་	ADJ
ར་	ལ་	PART
མི་	མི་	PART
འགྱུར་	འགྱུར་	VERB
རོ་	རོ་	NOUN
། །		PUNCT
དེ་ལྟ་	དེ་ལྟ་	NO_POS
མིན་	མིན་	AUX
ན་	ན་	ADP
འདི་	འདི་	DET
གཉིས་	གཉིས་	NUM
ལ་	ལ་	ADP
། །		PUNCT
གཅིག་	གཅིག་	NUM
ཅེས་	ཅེས་	PART
ཇི་སྐད་	ཇི་སྐད་	NO_POS
བརྗོད་པ་	བརྗོད་པ་	VERB
ར་	ལ་	PART
བྱ་	བྱ་	VERB
། །		PUNCT
དཀར་པོ་	དཀར་པོ་	ADJ
དག་	དག་	DET
ལ་སོགས་པ་	ལ་སོགས་པ་	NO_POS
ལ་	ལ་	ADP
། །		PUNCT
ཤེས་པ་	ཤེས་པ་	VERB
དེ་	དེ་	DET
ནི་	ནི་	NO_POS
རིམ་	རིམ་	NOUN
འབྱུང་	འབྱུང་	VERB
སྟེ་	སྟེ་	PART
། །		PUNCT
མགྱོགས་པ་	མགྱོགས་པ་	VERB
ར་	ལ་	PART
འབྱུང་	འབྱུང་	VERB
ཕྱི་	ཕྱི་	OTHER
བླུན་པོ་	བླུན་པོ་	ADJ
དག་	དག་	DET
།		PUNCT
ཅིག་ཅར་	ཅིག་ཅར་	ADV
སྙམ་	སྙམ་	VERB
དུ་	ལ་	PART
ཤེས་པ་	ཤེས་པ་	VERB
ཡིན་	ཡིན་	NO_POS
། །		PUNCT
ལྕུག་མ་	ལྕུག་མ་	NO_POS
འི་	གི་	PART
སྒྲ་	སྒྲ་	NOUN
ལ་སོགས་པ་	ལ་སོགས་པ་	NO_POS
འི་	གི་	PART
བློ་	བློ་	NOUN
། །		PUNCT
རབ་ཏུ་	རབ་ཏུ་	NO_POS
མགྱོགས་པ་	མགྱོགས་པ་	VERB
ར་	ལ་	PART
འབྱུང་	འབྱུང་	VERB
ཡིན་	ཡིན་	NO_POS
ན་	ན་	ADP
། །		PUNCT
དེ་ཕྱིར་	དེ་ཕྱིར་	NO_POS
ཅིག་ཅར་	ཅིག་ཅར་	ADV
འབྱུང་བ་	འབྱུང་བ་	VERB
ཡི་	ཡི་	ADP
"།

།"		PUNCT
འདི་	འདི་	DET
ར་	ལ་	PART
ཡང་	ཀྱང་	PART
གཅིག་	གཅིག་	NUM
ཕྱི་	ཕྱི་	OTHER
འབྱུང་	འབྱུང་	VERB
མི་	མི་	PART
འགྱུར་	འགྱུར་	VERB
། །		PUNCT
ཡིད་	ཡིད་	NOUN
ཀྱི་	གི་	PART
རྟོག་པ་	རྟོག་པ་	VERB
འབའ་ཞིག་	འབའ་ཞིག་	NO_POS
ལ་	ལ་	ADP
འང་	ཀྱང་	PART
། །		PUNCT
རིམ་	རིམ་	NOUN
དུ་	ལ་	PART
ཤེས་པ་	ཤེས་པ་	VERB
ར་	ལ་	PART
མི་	མི་	PART
འགྱུར་	འགྱུར་	VERB
རོ་	རོ་	NOUN
། །		PUNCT
རིང་	རིང་	NOUN
དུ་	ལ་	PART
གནས་པ་	གནས་པ་	VERB
མ་ཡིན་པ་	མ་ཡིན་པ་	OTHER
ས་	གིས་	PART
། །		PUNCT
བློ་	བློ་	NOUN
རྣམས་	རྣམས་	DET
ཀུན་	ཀུན་	DET
ཀྱང་	ཀྱང་	PART
མགྱོགས་	མགྱོགས་	VERB
འབྱུང་	འབྱུང་	VERB
འདྲ་	འདྲ་	VERB
། །		PUNCT
དེ་ཕྱིར་	དེ་ཕྱིར་	NO_POS
ཡུལ་	ཡུལ་	NOUN
རྣམས་	རྣམས་	DET
ཐམས་ཅད་	ཐམས་ཅད་	DET
ལ་	ལ་	ADP
། །		PUNCT
རིམ་གྱིས་	རིམ་གྱིས་	NO_POS
འཛིན་པ་	འཛིན་པ་	VERB
ར་	ལ་	PART
མི་	མི་	PART
འགྱུར་	འགྱུར་	VERB
གྱི་	གི་	PART
། །		PUNCT
རྣམ་པ་	རྣམ་པ་	NOUN
དག་	དག་	DET
ནི་	ནི་	NO_POS
ཐ་དད་	ཐ་དད་	ADJ
ལྟ་	ལྟ་	OTHER
། །		PUNCT
ཅིག་ཅར་	ཅིག་ཅར་	ADV
འཛིན་པ་	འཛིན་པ་	VERB
ར་	ལ་	PART
སྣང་བ་	སྣང་བ་	VERB
ར་	ལ་	PART
འགྱུར་	འགྱུར་	VERB
། །		PUNCT
མགལ་མེ་	མགལ་མེ་	NO_POS
ལ་	ལ་	ADP
ཡང་	ཀྱང་	PART
ཅིག་ཅར་	ཅིག་ཅར་	ADV
དུ་	ལ་	PART
། །		PUNCT
འཁོར་ལོ་	འཁོར་ལོ་	NOUN
སྣང་བ་	སྣང་བ་	VERB
འི་	གི་	PART
འཁྲུལ་པ་	འཁྲུལ་པ་	NO_POS
འབྱུང་	འབྱུང་	VERB
། །		PUNCT
གསལ་བ་	གསལ་བ་	VERB
ར་	ལ་	PART
རབ་ཏུ་	རབ་ཏུ་	NO_POS
སྣང་བ་	སྣང་བ་	VERB
འི་	གི་	PART
ཕྱི་	ཕྱི་	OTHER
། །		PUNCT
མཐོང་བ་	མཐོང་བ་	VERB
ས་	གིས་	PART
མཚམས་	མཚམས་	NOUN
སྦྱོར་	སྦྱོར་	VERB
མ་	མ་	PART
ཡིན་	ཡིན་	NO_POS
ནོ་	གོ་	PART
། །		PUNCT
འདི་ལྟར་	འདི་ལྟར་	NO_POS
མཚམས་	མཚམས་	NOUN
རྣམས་	རྣམས་	DET
སྦྱོར་བ་	སྦྱོར་བ་	VERB
ནི་	ནི་	NO_POS
། །		PUNCT
དྲན་པ་	དྲན་པ་	VERB
ས་	གིས་	PART
བྱེད་པ་	བྱེད་པ་	VERB
ཉིད་	ཉིད་	DET
ཡིན་	ཡིན་	NO_POS
གྱི་	གི་	PART
། །		PUNCT
མཐོང་བ་	མཐོང་བ་	VERB
ས་	གིས་	PART
མ་	མ་	PART
ཡིན་	ཡིན་	NO_POS
འདས་པ་	འདས་པ་	VERB
ཡི་	ཡི་	ADP
། །		PUNCT
ཡུལ་	ཡུལ་	NOUN
ལ་	ལ་	ADP
འཛིན་པ་	འཛིན་པ་	VERB
མིན་	མིན་	AUX
ཕྱི་	ཕྱི་	OTHER
རོ་	རོ་	NOUN
། །		PUNCT
དེ་	དེ་	DET
ཡི་	ཡི་	ADP
ཡུལ་	ཡུལ་	NOUN
དུ་	ལ་	PART
གང་	གང་	NO_POS
གྱུར་པ་	གྱུར་པ་	VERB
། །		PUNCT
དེ་	དེ་	DET
ནི་	ནི་	NO_POS
ཞིག་པ་	ཞིག་པ་	VERB
ས་	གིས་	PART
གསལ་	གསལ་	VERB
མ་	མ་	PART
ཡིན་	ཡིན་	NO_POS
། །		PUNCT
དེ་	དེ་	DET
འི་	གི་	PART
ཕྱི་	ཕྱི་	OTHER
འཁོར་ལོ་	འཁོར་ལོ་	NOUN
ར་	ལ་	PART
སྣང་བ་	སྣང་བ་	VERB
འདི་	འདི་	DET
། །		PUNCT
གསལ་བ་	གསལ་བ་	VERB
མ་	མ་	PART
ཡིན་	ཡིན་	NO_POS
འགྱུར་བ་	འགྱུར་བ་	VERB
འི་	གི་	PART
རིགས་	རིགས་	NOUN
། །		PUNCT
རི་མོ་	རི་མོ་	NOUN
རྐྱང་པ་	རྐྱང་པ་	NO_POS
མཐོང་བ་	མཐོང་བ་	VERB
འི་	གི་	PART
ཚེ་	ཚེ་	NOUN
། །		PUNCT
དེ་	དེ་	DET
ལ་	ལ་	ADP
དེ་བཞིན་	དེ་བཞིན་	OTHER
སེམས་	སེམས་	NOUN
མང་པོ་	མང་པོ་	ADJ
། །		PUNCT
ཇི་སྙེད་	ཇི་སྙེད་	OTHER
གཅིག་	གཅིག་	NUM
ཆ་	ཆ་	NOUN
འི་	གི་	PART
ཚུལ་	ཚུལ་	NOUN
གྱིས་	གིས་	PART
སུ་	སུ་	ADP
། །		PUNCT
འབྱུང་བ་	འབྱུང་བ་	VERB
ར་	ལ་	PART
འགྱུར་བ་	འགྱུར་བ་	VERB
འདོད་	འདོད་	VERB
ན་	ན་	ADP
ཀོ་	ཀོ་	NO_POS
།		PUNCT
དེ་ལྟ་	དེ་ལྟ་	NO_POS
ཡིན་	ཡིན་	NO_POS
ན་	ན་	ADP
དཀ་	དཀའ་	VERB
ར་	ལ་	PART
ལ་སོགས་	ལ་སོགས་	NO_POS
། །		PUNCT
རྣམ་པ་	རྣམ་པ་	NOUN
སྣ་	སྣ་	NOUN
གཅིག་	གཅིག་	NUM
ཤེས་པ་	ཤེས་པ་	VERB
ཡང་	ཀྱང་	PART
། །		PUNCT
ཐོག་མ་	ཐོག་མ་	NOUN
དབུ་	དབུ་	NOUN
མཐའ་	མཐའ་	NOUN
ཐ་དད་པ་	ཐ་དད་པ་	ADJ
ས་	གིས་	PART
། །		PUNCT
དམིགས་པ་	དམིགས་པ་	VERB
སྣ་ཚོགས་	སྣ་ཚོགས་	DET
ཉིད་	ཉིད་	DET
དུ་	ལ་	PART
འགྱུར་	འགྱུར་	VERB
། །		PUNCT
རྡུལ་ཕྲན་	རྡུལ་ཕྲན་	NOUN
བདག་ཉིད་	བདག་ཉིད་	NOUN
དཀ་	དཀའ་	VERB
ར་	ལ་	PART
ལ་སོགས་	ལ་སོགས་	NO_POS
། །		PUNCT
གཅིག་པུ་	གཅིག་པུ་	ADJ
འི་	གི་	PART
བདག་ཉིད་	བདག་ཉིད་	NOUN
ཆ་མེད་པ་	ཆ་མེད་པ་	ADJ
། །		PUNCT
ཤེས་པ་	ཤེས་པ་	VERB
གང་	གང་	NO_POS
ལ་	ལ་	ADP
འང་	ཀྱང་	PART
སྣང་	སྣང་	VERB
གྱུར་པ་	གྱུར་པ་	VERB
ར་	ལ་	PART
། །		PUNCT
བདག་	བདག་	PRON
གིས་	གིས་	PART
རབ་ཏུ་	རབ་ཏུ་	NO_POS
ཚོར་བ་	ཚོར་བ་	VERB
མེད་	མེད་	VERB
། །		PUNCT
རྣམ་ཤེས་	རྣམ་ཤེས་	NOUN
ལྔ་	ལྔ་	NUM
ཡི་	ཡི་	ADP
ཁམས་	ཁམས་	NOUN
རྣམས་	རྣམས་	DET
ནི་	ནི་	NO_POS
། །		PUNCT
བསགས་	བསགས་	VERB
ལ་	ལ་	ADP
དམིགས་པ་	དམིགས་པ་	VERB
འི་	གི་	PART
རྣམ་པ་	རྣམ་པ་	NOUN
ཡིན་	ཡིན་	NO_POS
། །		PUNCT
སེམས་	སེམས་	NOUN
དང་སེམས་	དང་སེམས་	NO_POS
བྱུང་	བྱུང་	VERB
དམིགས་པ་	དམིགས་པ་	VERB
ནི་	ནི་	NO_POS
། །		PUNCT
དྲུག་པ་	དྲུག་པ་	NUM
ར་	ལ་	PART
གཞག་པ་	གཞག་པ་	VERB
བྱས་པ་	བྱས་པ་	VERB
ཡིན་	ཡིན་	NO_POS
། །		PUNCT
ཕྱི་	ཕྱི་	NOUN
གཞུང་	གཞུང་	NOUN
རྣམས་	རྣམས་	DET
ལ་	ལ་	ADP
འང་	ཀྱང་	PART
རྣམ་ཤེས་	རྣམ་ཤེས་	NOUN
ནི་	ནི་	NO_POS
། །		PUNCT
གཅིག་	གཅིག་	NUM
ཏུ་	ལ་	PART
སྣང་བ་	སྣང་བ་	VERB
ར་	ལ་	PART
མི་	མི་	PART
འགྱུར་	འགྱུར་	VERB
ཏེ་	སྟེ་	PART
། །		PUNCT
ཡོན་ཏན་	ཡོན་ཏན་	NOUN
ལ་སོགས་	ལ་སོགས་	NO_POS
ལྡན་པ་	ལྡན་པ་	VERB
ཡི་	ཡི་	ADP
། །		PUNCT
རྫ་	རྫ་	NOUN
ལ་སོགས་པ་	ལ་སོགས་པ་	NO_POS
དམིགས་	དམིགས་	VERB
ཕྱི་	ཕྱི་	OTHER
རོ་	རོ་	NOUN
། །		PUNCT
ནོར་བུ་	ནོར་བུ་	NOUN
གཟི་	གཟི་	OTHER
ཡི་	ཡི་	ADP
བདག་ཉིད་	བདག་ཉིད་	NOUN
ལྟ་	ལྟ་	OTHER
། །		PUNCT
དངོས་པོ་	དངོས་པོ་	NOUN
ཀུན་	ཀུན་	DET
ཞེ་	ཅེས་	PART
ལྟ་བ་	ལྟ་བ་	VERB
ལ་	ལ་	ADP
། །		PUNCT
དེ་	དེ་	DET
ལ་	ལ་	ADP
འཛིན་པ་	འཛིན་པ་	VERB
འི་	གི་	PART
སེམས་	སེམས་	NOUN
ཀྱང་	ཀྱང་	PART
ནི་	ནི་	NO_POS
། །		PUNCT
གཅིག་པུ་	གཅིག་པུ་	ADJ
འི་	གི་	PART
ངོ་བོ་	ངོ་བོ་	NOUN
ར་	ལ་	PART
སྣང་	སྣང་	VERB
མི་རིགས་	མི་རིགས་	NOUN
། །		PUNCT
ས་	ས་	ADP
ལ་སོགས་པ་	ལ་སོགས་པ་	NO_POS
འདུས་པ་	འདུས་པ་	VERB
ལ་	ལ་	ADP
། །		PUNCT
ཡུལ་	ཡུལ་	NOUN
དང་	དང་	NO_POS
དབང་པོ་	དབང་པོ་	NOUN
ར་	ལ་	PART
ཀུན་	ཀུན་	DET
འཇོག་པ་	འཇོག་པ་	VERB
ར་	ལ་	PART
། །		PUNCT
སུ་	སུ་	ADP
འདོད་	འདོད་	VERB
དེ་	དེ་	DET
ཡི་	ཡི་	ADP
ལུགས་	ལུགས་	NOUN
ལ་	ལ་	ADP
ཡང་	ཀྱང་	PART
། །		PUNCT
དངོས་པོ་	དངོས་པོ་	NOUN
གཅིག་	གཅིག་	NUM
དང་	དང་	NO_POS
མཐུན་འཇུག་	མཐུན་འཇུག་	NO_POS
མེད་	མེད་	VERB
། །		PUNCT
སྙིང་སྟོབས་	སྙིང་སྟོབས་	NOUN
ལ་སོགས་	ལ་སོགས་	NO_POS
བདག་སྒྲ་	བདག་སྒྲ་	NO_POS
སོགས་	སོགས་	DET
། །		PUNCT
ཕྱོགས་	ཕྱོགས་	NOUN
ལ་	ལ་	ADP
འང་	ཀྱང་	PART
དོན་	དོན་	NOUN
གཅིག་	གཅིག་	NUM
སྣང་བ་	སྣང་བ་	VERB
ཅན་	ཅན་	PART
"།

།"		PUNCT
ཤེས་པ་	ཤེས་པ་	VERB
རིགས་པ་	རིགས་པ་	VERB
མ་	མ་	PART
ཡིན་	ཡིན་	NO_POS
ཏེ་	སྟེ་	PART
། །		PUNCT
གསུམ་	གསུམ་	NUM
གྱི་	གི་	PART
བདག་ཉིད་	བདག་ཉིད་	NOUN
ཡུལ་	ཡུལ་	NOUN
སྣང་	སྣང་	VERB
ཕྱི་	ཕྱི་	OTHER
། །		PUNCT
དངོས་པོ་	དངོས་པོ་	NOUN
འི་	གི་	PART
ངོ་བོ་	ངོ་བོ་	NOUN
རྣམ་	རྣམ་	NOUN
གསུམ་	གསུམ་	NUM
ལ་	ལ་	ADP
། །		PUNCT
དེ་	དེ་	DET
ནི་	ནི་	NO_POS
གལ་ཏེ་	གལ་ཏེ་	NO_POS
རྣམ་	རྣམ་	NOUN
གཅིག་	གཅིག་	NUM
སྟེ་	སྟེ་	PART
། །		PUNCT
དེ་	དེ་	DET
དང་	དང་	NO_POS
མི་	མི་	PART
མཐུན་	མཐུན་	VERB
སྣང་	སྣང་	VERB
ན་	ན་	ADP
ཀོ་	ཀོ་	NO_POS
།		PUNCT
དེ་	དེ་	DET
ནི་	ནི་	NO_POS
དེ་	དེ་	DET
ར་	ལ་	PART
འཛིན་	འཛིན་	VERB
ཇི་ལྟ་		
འདོད་	འདོད་	VERB
། །		PUNCT
ཕྱི་རོལ་	ཕྱི་རོལ་	NOUN
ཡུལ་	ཡུལ་	NOUN
རྣམས་	རྣམས་	DET
མེད་པ་	མེད་པ་	VERB
ར་	ལ་	PART
ཡང་	ཀྱང་	PART
། །		PUNCT
སྣ་ཚོགས་	སྣ་ཚོགས་	DET
སྣང་	སྣང་	VERB
ལ་	ལ་	ADP
རྟག་པ་	རྟག་པ་	VERB
སྟེ་	སྟེ་	PART
། །		PUNCT
གཅིག་	གཅིག་	NUM
ཆ་	ཆ་	NOUN
འམ་	གམ་	PART
ཇི་སྟེ་	ཇི་སྟེ་	NO_POS
རིམ་	རིམ་	NOUN
འབྱུང་བ་	འབྱུང་བ་	VERB
འི་	གི་	PART
། །		PUNCT
རྣམ་ཤེས་	རྣམ་ཤེས་	NOUN
རུང་བ་	རུང་བ་	VERB
ར་	ལ་	PART
ཤིན་ཏུ་	ཤིན་ཏུ་	NO_POS
དཀའ་	དཀའ་	VERB
། །		PUNCT
ནམ་མཁའ་	ནམ་མཁའ་	NOUN
ལ་སོགས་	ལ་སོགས་	NO_POS
ཤེས་པ་	ཤེས་པ་	VERB
དག་	དག་	DET
།		PUNCT
མིང་ཙམ་	མིང་ཙམ་	NO_POS
དུ་	ལ་	PART
ནི་	ནི་	NO_POS
སྣང་བ་	སྣང་བ་	VERB
རྣམས་	རྣམས་	DET
། །		PUNCT
ཡི་གེ་	ཡི་གེ་	NOUN
དུ་མ་	དུ་མ་	ADJ
སྣང་བ་	སྣང་བ་	VERB
འི་	གི་	PART
ཕྱི་	ཕྱི་	OTHER
། །		PUNCT
སྣ་ཚོགས་	སྣ་ཚོགས་	DET
སྣང་བ་	སྣང་བ་	VERB
ར་	ལ་	PART
གསལ་བ་	གསལ་བ་	VERB
ཡིན་	ཡིན་	NO_POS
། །		PUNCT
རྣམ་ཤེས་	རྣམ་ཤེས་	NOUN
སྣ་ཚོགས་	སྣ་ཚོགས་	DET
མིན་	མིན་	AUX
སྣང་བ་	སྣང་བ་	VERB
། །		PUNCT
འགའ་ཞིག་	འགའ་ཞིག་	OTHER
ཡོད་པ་	ཡོད་པ་	VERB
ར་	ལ་	PART
གཞུག་	གཞུག་	VERB
ན་	ན་	ADP
ཡང་	ཀྱང་	PART
། །		PUNCT
འོན་ཀྱང་	འོན་ཀྱང་	NO_POS
ཡང་དག་	ཡང་དག་	ADJ
གཞག་	གཞག་	VERB
མི་	མི་	PART
རུང་	རུང་	SCONJ
། །		PUNCT
མཚན་ཉིད་	མཚན་ཉིད་	NOUN
བཅའ་	བཅའ་	VERB
ལ་	ལ་	ADP
གནོད་	གནོད་	VERB
མཐོང་	མཐོང་	VERB
ཕྱི་	ཕྱི་	OTHER
། །		PUNCT
དེ་ཕྱིར་	དེ་ཕྱིར་	NO_POS
སྣ་ཚོགས་	སྣ་ཚོགས་	DET
སྣང་བ་	སྣང་བ་	VERB
ཡི་	ཡི་	ADP
། །		PUNCT
རྣམ་ཤེས་	རྣམ་ཤེས་	NOUN
རྣམ་པ་	རྣམ་པ་	NOUN
ཀུན་	ཀུན་	DET
ཏུ་	ལ་	PART
གནས་	གནས་	NOUN
། །		PUNCT
དེ་	དེ་	DET
ནི་	ནི་	NO_POS
རྣམ་པ་	རྣམ་པ་	NOUN
ཐ་དད་	ཐ་དད་	ADJ
ལྟ་	ལྟ་	OTHER
། །		PUNCT
གཅིག་པུ་	གཅིག་པུ་	ADJ
འི་	གི་	PART
རང་བཞིན་	རང་བཞིན་	NOUN
མི་རིགས་	མི་རིགས་	NOUN
སོ་	སོ་	PART
། །		PUNCT
ཇི་སྟེ་	ཇི་སྟེ་	NO_POS
ཐོག་མ་	ཐོག་མ་	NOUN
མེད་	མེད་	VERB
རྒྱུད་	རྒྱུད་	NOUN
ཉིད་	ཉིད་	DET
། །		PUNCT
བག་ཆགས་	བག་ཆགས་	NOUN
སྨིན་པ་	སྨིན་པ་	VERB
ས་	གིས་	PART
སྤྲུལ་པ་	སྤྲུལ་པ་	VERB
ཡི་	ཡི་	ADP
། །		PUNCT
རྣམ་པ་	རྣམ་པ་	NOUN
དག་	དག་	DET
ནི་	ནི་	NO_POS
སྣང་བ་	སྣང་བ་	VERB
ཡང་	ཀྱང་	PART
། །		PUNCT
ནོར་བ་	ནོར་བ་	VERB
ས་	གིས་	PART
སྒྱུ་མ་	སྒྱུ་མ་	NOUN
འི་	གི་	PART
རང་བཞིན་	རང་བཞིན་	NOUN
འདྲ་	འདྲ་	VERB
། །		PUNCT
དེ་དག་	དེ་དག་	OTHER
འོན་ཀྱང་	འོན་ཀྱང་	NO_POS
དེ་དག་	དེ་དག་	OTHER
གི་	གི་	PART
།		PUNCT
དངོ་	དངོ་	NOUN
དེ་ཡང་	དེ་ཡང་	ADV
དག་	དག་	DET
ཉིད་	ཉིད་	DET
དམ་	དམ་	PART
ཅི་	ཅི་	NO_POS
། །		PUNCT
འོན་ཏེ་	འོན་ཏེ་	NO_POS
མ་	མ་	PART
བརྟགས་	བརྟགས་	VERB
གཅིག་པུ་	གཅིག་པུ་	ADJ
ན་	ན་	ADP
། །		PUNCT
དགའ་བ་	དགའ་བ་	VERB
ར་	ལ་	PART
ཁས་ལེན་	ཁས་ལེན་	NOUN
འདི་	འདི་	DET
བསམ་	བསམ་	NOUN
མོ་	མོ་	PRON
། །		PUNCT
གལ་ཏེ་	གལ་ཏེ་	NO_POS
ཡང་དག་	ཡང་དག་	ADJ
རྣམ་པ་	རྣམ་པ་	NOUN
ར་	ལ་	PART
ཤེ་	ཤེ་	VERB
། །		PUNCT
དུ་མ་	དུ་མ་	ADJ
ར་	ལ་	PART
འགྱུར་	འགྱུར་	VERB
རོ་	རོ་	NOUN
ཡང་ན་	ཡང་ན་	NO_POS
ནི་	ནི་	NO_POS
། །		PUNCT
དེ་དག་	དེ་དག་	OTHER
གཅིག་	གཅིག་	NUM
འགྱུར་	འགྱུར་	VERB
འགལ་	འགལ་	VERB
ལྡན་པ་	ལྡན་པ་	VERB
ས་	གིས་	PART
། །		PUNCT
གདོན་	གདོན་	NOUN
མི་	མི་	PART
ཟ་བ་	ཟ་བ་	VERB
ར་	ལ་	PART
སོ་སོ་	སོ་སོ་	PRON
ར་	ལ་	PART
འགྱུར་	འགྱུར་	VERB
། །		PUNCT
རྣམ་པ་	རྣམ་པ་	NOUN
ཐ་དད་	ཐ་དད་	ADJ
མ་	མ་	PART
ཡིན་	ཡིན་	NO_POS
ན་	ན་	ADP
། །		PUNCT
གཡོ་	གཡོ་	VERB
དང་	དང་	NO_POS
མི་	མི་	PART
གཡོ་	གཡོ་	VERB
ལ་སོགས་པ་	ལ་སོགས་པ་	NO_POS
། །		PUNCT
གཅིག་	གཅིག་	NUM
གིས་	གིས་	PART
ཐམས་ཅད་	ཐམས་ཅད་	DET
གཡོ་	གཡོ་	VERB
ལ་སོགས་	ལ་སོགས་	NO_POS
། །		PUNCT
ཐལ་བ་	ཐལ་བ་	NOUN
ར་	ལ་	PART
འགྱུར་	འགྱུར་	VERB
ཏེ་	སྟེ་	PART
ལན་	ལན་	NOUN
གདབ་	གདབ་	NO_POS
དཀའ་	དཀའ་	VERB
། །		PUNCT
ཕྱི་རོལ་	ཕྱི་རོལ་	NOUN
དོན་	དོན་	NOUN
གྱི་	གི་	PART
ཚུལ་	ཚུལ་	NOUN
ལ་	ལ་	ADP
ཡང་	ཀྱང་	PART
། །		PUNCT
དེ་ལྟ་	དེ་ལྟ་	NO_POS
རྣམ་པ་	རྣམ་པ་	NOUN
མ་	མ་	PART
བྲལ་	བྲལ་	VERB
ན་	ན་	ADP
། །		PUNCT
གཅིག་	གཅིག་	NUM
གི་	གི་	PART
ཆོ་	ཆོ་	NOUN
སུ་	སུ་	ADP
ཐམས་ཅད་	ཐམས་ཅད་	DET
ཀྱང་	ཀྱང་	PART
། །		PUNCT
འཇུག་པ་	འཇུག་པ་	VERB
ར་	ལ་	PART
འགྱུར་	འགྱུར་	VERB
ཏེ་	སྟེ་	PART
ཟློག་པ་	ཟློག་པ་	VERB
མེད་	མེད་	VERB
། །		PUNCT
ཇི་སྟེ་	ཇི་སྟེ་	NO_POS
རྣམ་པ་	རྣམ་པ་	NOUN
འི་	གི་	PART
གྲངས་	གྲངས་	NOUN
བཞིན་	བཞིན་	NOUN
དུ་	ལ་	PART
། །		PUNCT
རྣམ་པ་	རྣམ་པ་	NOUN
ར་	ལ་	PART
ཤེས་པ་	ཤེས་པ་	VERB
ཁས་ལེན་	ཁས་ལེན་	NOUN
ན་	ན་	ADP
། །		PUNCT
དེ་	དེ་	DET
ཚེ་	ཚེ་	NOUN
རྡུལ་ཕྲན་	རྡུལ་ཕྲན་	NOUN
འདྲ་	འདྲ་	VERB
ར་	ལ་	PART
འགྱུར་པ་	འགྱུར་པ་	VERB
། །		PUNCT
དཔྱད་པ་	དཔྱད་པ་	VERB
འདི་	འདི་	DET
ལ་	ལ་	ADP
ས་	གིས་	PART
བཟློག་པ་	བཟློག་པ་	VERB
ར་	ལ་	PART
དཀའ་	དཀའ་	VERB
། །		PUNCT
གལ་ཏེ་	གལ་ཏེ་	NO_POS
སྣ་ཚོགས་	སྣ་ཚོགས་	DET
དེ་	དེ་	DET
གཅིག་	གཅིག་	NUM
ན་	ན་	ADP
། །		PUNCT
ནམ་མཁ་	ནམ་མཁའ་	NOUN
འི་	གི་	PART
གོས་ཅན་	གོས་ཅན་	ADJ
ལུགས་	ལུགས་	NOUN
སམ་	གམ་	PART
ཅི་	ཅི་	NO_POS
། །		PUNCT
སྣ་ཚོགས་	སྣ་ཚོགས་	DET
གཅིག་པ་	གཅིག་པ་	ADJ
འི་	གི་	PART
རང་བཞིན་	རང་བཞིན་	NOUN
མིན་	མིན་	AUX
། །		PUNCT
རིན་ཆེན་	རིན་ཆེན་	OTHER
སྣ་ཚོགས་	སྣ་ཚོགས་	DET
ལ་སོགས་	ལ་སོགས་	NO_POS
འདྲ་	འདྲ་	VERB
། །		PUNCT
སྣ་ཚོགས་	སྣ་ཚོགས་	DET
གཅིག་པ་	གཅིག་པ་	ADJ
འི་	གི་	PART
རང་བཞིན་	རང་བཞིན་	NOUN
ན་	ན་	ADP
། །		PUNCT
སྣ་ཚོགས་	སྣ་ཚོགས་	DET
ངོ་བོ་	ངོ་བོ་	NOUN
ར་	ལ་	PART
སྣང་བ་	སྣང་བ་	VERB
དང་	དང་	NO_POS
། །		PUNCT
བསྒྲིབས་	བསྒྲིབས་	NO_POS
དང་	དང་	NO_POS
མ་	མ་	PART
བསྒྲིབས་	བསྒྲིབས་	NO_POS
ལ་སོགས་པ་	ལ་སོགས་པ་	NO_POS
"།

།"		PUNCT
ཐ་དད་	ཐ་དད་	ADJ
འདི་	འདི་	DET
ནི་	ནི་	NO_POS
ཇི་ལྟ་		
འགྱུར་	འགྱུར་	VERB
། །		PUNCT
ཇི་སྟེ་	ཇི་སྟེ་	NO_POS
ངོ་བོ་	ངོ་བོ་	NOUN
ཉིད་	ཉིད་	DET
དུ་	ལ་	PART
དེ་	དེ་	DET
འི་	གི་	PART
། །		PUNCT
རྣམ་པ་	རྣམ་པ་	NOUN
འདི་དག་	འདི་དག་	NO_POS
མེད་པ་	མེད་པ་	VERB
སྟེ་	སྟེ་	PART
། །		PUNCT
ཡང་དག་	ཡང་དག་	ADJ
ཏུ་	ལ་	PART
རྣམ་	རྣམ་	NOUN
མེད་པ་	མེད་པ་	VERB
ཡི་	ཡི་	ADP
། །		PUNCT
རྣམ་པ་	རྣམ་པ་	NOUN
ར་	ལ་	PART
ཤེས་པ་	ཤེས་པ་	VERB
ནོར་བ་	ནོར་བ་	VERB
ས་	གིས་	PART
སྣང་	སྣང་	VERB
། །		PUNCT
གལ་ཏེ་	གལ་ཏེ་	NO_POS
མེད་	མེད་	VERB
ན་	ན་	ADP
ཇི་ལྟ་བུ་	ཇི་ལྟ་བུ་	NO_POS
ར་	ལ་	PART
། །		PUNCT
དེ་དག་	དེ་དག་	OTHER
འདི་ལྟར་	འདི་ལྟར་	NO_POS
གསལ་བ་	གསལ་བ་	VERB
ར་	ལ་	PART
ཚོ་	ཚོ་	VERB
། །		PUNCT
དེ་	དེ་	DET
ཡི་	ཡི་	ADP
དངོ་	དངོ་	NOUN
ལ་	ལ་	ADP
ས་	གིས་	PART
ཐ་དད་པ་	ཐ་དད་པ་	ADJ
འི་	གི་	PART
། །		PUNCT
ཤེས་པ་	ཤེས་པ་	VERB
དེ་	དེ་	DET
འདྲ་མ་	འདྲ་མ་	ADJ
ཡིན་	ཡིན་	NO_POS
ནོ་	གོ་	PART
། །		PUNCT
འདི་ལྟར་	འདི་ལྟར་	NO_POS
གང་	གང་	NO_POS
ལ་	ལ་	ADP
དངོ་	དངོ་	NOUN
གང་	གང་	NO_POS
མེད་	མེད་	VERB
། །		PUNCT
དེ་	དེ་	DET
ལ་	ལ་	ADP
དེ་	དེ་	DET
ར་	ལ་	PART
ཤེ་	ཤེ་	VERB
ཡོད་	ཡོད་	VERB
མ་	མ་	PART
ཡིན་	ཡིན་	NO_POS
། །		PUNCT
བདེ་བ་	བདེ་བ་	VERB
མིན་	མིན་	AUX
ལ་	ལ་	ADP
བདེ་	བདེ་	VERB
སོགས་	སོགས་	DET
དང་	དང་	NO_POS
། །		PUNCT
དཀར་བ་	དཀར་བ་	VERB
རྣམས་	རྣམས་	DET
ལ་	ལ་	ADP
འང་	ཀྱང་	PART
མི་	མི་	PART
དཀ་	དཀའ་	VERB
ར་	ལ་	PART
བཞིན་	བཞིན་	NOUN
། །		PUNCT
རྣམ་པ་	རྣམ་པ་	NOUN
འདི་	འདི་	DET
ལ་	ལ་	ADP
ཤེས་པ་	ཤེས་པ་	VERB
འི་	གི་	PART
དོན་	དོན་	NOUN
། །		PUNCT
དངོ་	དངོ་	NOUN
སུ་	སུ་	ADP
འཐད་པ་	འཐད་པ་	VERB
མ་	མ་	PART
ཡིན་	ཡིན་	NO_POS
ཏེ་	སྟེ་	PART
། །		PUNCT
ཤེས་པ་	ཤེས་པ་	VERB
འི་	གི་	PART
བདག་	བདག་	PRON
དང་	དང་	NO_POS
བྲལ་བ་	བྲལ་བ་	VERB
འི་	གི་	PART
ཕྱི་	ཕྱི་	OTHER
། །		PUNCT
ནམ་མཁ་	ནམ་མཁའ་	NOUN
འི་	གི་	PART
མེ་ཏོག་	མེ་ཏོག་	NOUN
ལ་སོགས་	ལ་སོགས་	NO_POS
བཞིན་	བཞིན་	NOUN
། །		PUNCT
མེད་པ་	མེད་པ་	VERB
ནུས་པ་	ནུས་པ་	VERB
མེད་པ་	མེད་པ་	VERB
ས་	གིས་	PART
ན་	ན་	ADP
། །		PUNCT
གདགས་པ་	གདགས་པ་	VERB
འང་	ཀྱང་	PART
མི་	མི་	PART
རུང་	རུང་	SCONJ
རྟ་	རྟ་	NOUN
རུ་	ལ་	PART
བཞིན་	བཞིན་	NOUN
། །		PUNCT
མེད་པ་	མེད་པ་	VERB
བདག་	བདག་	PRON
སྣང་	སྣང་	VERB
ཤེ་	ཤེ་	VERB
སྐྱེད་པ་	སྐྱེད་པ་	VERB
ར་	ལ་	PART
། །		PUNCT
ནུས་པ་	ནུས་པ་	VERB
རུང་བ་	རུང་བ་	VERB
མ་	མ་	PART
ཡིན་	ཡིན་	NO_POS
ནོ་	གོ་	PART
། །		PUNCT
གང་	གང་	NO_POS
ཕྱི་	ཕྱི་	OTHER
དེ་	དེ་	DET
ཡོད་	ཡོད་	VERB
ངེས་	ངེས་	VERB
ཚོར་བ་	ཚོར་བ་	VERB
། །		PUNCT
ཤེ་	ཤེ་	VERB
དང་	དང་	NO_POS
འབྲེལ་པ་	འབྲེལ་པ་	VERB
ཅི་ཞིག་	ཅི་ཞིག་	NO_POS
ཡོད་	ཡོད་	VERB
། །		PUNCT
བདག་མེད་	བདག་མེད་	ADJ
དེ་	དེ་	DET
ཡི་	ཡི་	ADP
བདག་ཉིད་	བདག་ཉིད་	NOUN
དང་	དང་	NO_POS
། །		PUNCT
དེ་ལས་	དེ་ལས་	NO_POS
བྱུང་བ་	བྱུང་བ་	VERB
མ་	མ་	PART
ཡིན་	ཡིན་	NO_POS
ནོ་	གོ་	PART
། །		PUNCT
རྒྱུ་	རྒྱུ་	NOUN
མེད་	མེད་	VERB
ན་	ན་	ADP
ནི་	ནི་	NO_POS
གང་ཞིག་	གང་ཞིག་	NO_POS
གིས་	གིས་	PART
། །		PUNCT
རེས་འགའ་	རེས་འགའ་	NO_POS
འབྱུང་བ་	འབྱུང་བ་	VERB
འདི་	འདི་	DET
རུང་	རུང་	ADP
འགྱུར་	འགྱུར་	VERB
། །		PUNCT
རྒྱུ་	རྒྱུ་	NOUN
དང་	དང་	NO_POS
ལྡན་	ལྡན་	VERB
ན་	ན་	ADP
གང་ཞིག་	གང་ཞིག་	NO_POS
གིས་	གིས་	PART
། །		PUNCT
གཞན་	གཞན་	DET
གྱི་	གི་	PART
དབང་	དབང་	NOUN
ལ་	ལ་	ADP
ས་	གིས་	PART
ཟློག་པ་	ཟློག་པ་	VERB
ར་	ལ་	PART
འགྱུར་	འགྱུར་	VERB
། །		PUNCT
དེ་	དེ་	DET
མེད་	མེད་	VERB
ན་	ན་	ADP
ནི་	ནི་	NO_POS
ཤེ་	ཤེ་	VERB
དེ་ཡང་	དེ་ཡང་	ADV
། །		PUNCT
རྣམ་པ་	རྣམ་པ་	NOUN
མེད་པ་	མེད་པ་	VERB
ཉིད་	ཉིད་	DET
ཀྱིས་	གིས་	PART
འགྱུར་	འགྱུར་	VERB
། །		PUNCT
ཤེལ་སྒོང་	ཤེལ་སྒོང་	NO_POS
དག་པ་	དག་པ་	VERB
འདྲ་བ་	འདྲ་བ་	VERB
ཡིན་	ཡིན་	NO_POS
། །		PUNCT
ཤེས་པ་	ཤེས་པ་	VERB
རབ་ཏུ་	རབ་ཏུ་	NO_POS
ཚོར་བ་	ཚོར་བ་	VERB
མེད་	མེད་	VERB
། །		PUNCT
འདི་	འདི་	DET
ནི་	ནི་	NO_POS
འཁྲུལ་པ་	འཁྲུལ་པ་	NO_POS
ས་	གིས་	PART
ཤེ་	ཤེ་	VERB
ཤེ་ན་	ཅེ་ན་	PART
། །		PUNCT
དེ་	དེ་	DET
ཅི་	ཅི་	NO_POS
འཁྲུལ་	འཁྲུལ་	NO_POS
ལ་	ལ་	ADP
རག་	རག་	VERB
ལ་	ལ་	ADP
ས་	གིས་	PART
སམ་	གམ་	PART
། །		PUNCT
དེ་	དེ་	DET
ཡི་	ཡི་	ADP
མཐུ་	མཐུ་	NOUN
ཡི་	གིས་	PART
བྱུང་	བྱུང་	VERB
ན་	ན་	ADP
ནི་	ནི་	NO_POS
། །		PUNCT
དེ་ཡང་	དེ་ཡང་	ADV
གཞན་	གཞན་	DET
གྱི་	གི་	PART
དབང་	དབང་	NOUN
ཉིད་	ཉིད་	DET
དོ་	གོ་	PART
། །		PUNCT
དངོས་པོ་	དངོས་པོ་	NOUN
གང་	གང་	NO_POS
གང་	གང་	NO_POS
རྣམ་	རྣམ་	NOUN
དཔྱད་པ་	དཔྱད་པ་	VERB
། །		PUNCT
དེ་	དེ་	DET
དང་	དང་	NO_POS
དེ་	དེ་	DET
ལ་	ལ་	ADP
གཅིག་ཉིད་	གཅིག་ཉིད་	NO_POS
མེད་	མེད་	VERB
། །		PUNCT
གང་	གང་	NO_POS
ལ་	ལ་	ADP
གཅིག་ཉིད་	གཅིག་ཉིད་	NO_POS
ཡོད་	ཡོད་	VERB
མིན་པ་	མིན་པ་	VERB
། །		PUNCT
དེ་	དེ་	DET
ལ་དུ་	ལ་དུ་	NOUN
མ་	མ་	PART
ཉིད་	ཉིད་	DET
ཀྱང་	ཀྱང་	PART
མེད་	མེད་	VERB
། །		PUNCT
གཅིག་	གཅིག་	NUM
དང་	དང་	NO_POS
དུ་མ་	དུ་མ་	ADJ
མ་གཏོགས་པ་	མ་གཏོགས་པ་	NO_POS
ར་	ལ་	PART
། །		PUNCT
རྣམ་པ་	རྣམ་པ་	NOUN
གཞན་	གཞན་	DET
དང་	དང་	NO_POS
ལྡན་པ་	ལྡན་པ་	VERB
ཡི་	ཡི་	ADP
། །		PUNCT
དངོས་པོ་	དངོས་པོ་	NOUN
མི་	མི་	PART
རུང་	རུང་	SCONJ
འདི་	འདི་	DET
གཉིས་	གཉིས་	NUM
ནི་	ནི་	NO_POS
། །		PUNCT
ཕན་ཚུན་	ཕན་ཚུན་	ADV
སྤངས་	སྤངས་	VERB
ཏེ་	སྟེ་	PART
གནས་	གནས་	NOUN
ཕྱི་	ཕྱི་	OTHER
རོ་	རོ་	NOUN
། །		PUNCT
དེ་ཕྱིར་	དེ་ཕྱིར་	NO_POS
དངོས་པོ་	དངོས་པོ་	NOUN
འདི་དག་	འདི་དག་	NO_POS
ནི་	ནི་	NO_POS
། །		PUNCT
ཀུན་རྫོབ་པ་	ཀུན་རྫོབ་པ་	NO_POS
ཉིད་	ཉིད་	DET
མཚན་ཉིད་	མཚན་ཉིད་	NOUN
འཛིན་	འཛིན་	VERB
། །		PUNCT
གལ་ཏེ་	གལ་ཏེ་	NO_POS
འདི་དག་	འདི་དག་	NO_POS
དོན་	དོན་	NOUN
འདོད་	འདོད་	VERB
ན་	ན་	ADP
། །		PUNCT
དེ་	དེ་	DET
ལ་	ལ་	ADP
བདག་	བདག་	PRON
གིས་	གིས་	PART
ཅི་ཞིག་	ཅི་ཞིག་	NO_POS
བྱ་	བྱ་	VERB
། །		PUNCT
མ་	མ་	PART
བརྟགས་	བརྟགས་	VERB
གཅིག་པུ་	གཅིག་པུ་	ADJ
ཉམས་	ཉམས་	NOUN
དགའ་	དགའ་	VERB
ཞིང་	ཞིང་	SCONJ
། །		PUNCT
སྐྱེ་	སྐྱེ་	NOUN
དང་	དང་	NO_POS
འཇིག་པ་	འཇིག་པ་	VERB
འི་	གི་	PART
ཆོས་ཅན་པ་	ཆོས་ཅན་པ་	NOUN
། །		PUNCT
དོན་	དོན་	NOUN
བྱེད་པ་	བྱེད་པ་	VERB
དག་	དག་	DET
ནུས་	ནུས་	VERB
རྣམས་	རྣམས་	DET
ཀྱིས་	གིས་	PART
། །		PUNCT
རང་བཞིན་	རང་བཞིན་	NOUN
ཀུན་རྫོབ་པ་	ཀུན་རྫོབ་པ་	NO_POS
ཡིན་	ཡིན་	NO_POS
རྟོགས་	རྟོགས་	VERB
། །		PUNCT
བརྟག་པ་	བརྟག་པ་	VERB
མ་	མ་	PART
བྱ་	བྱ་	VERB
ཉམས་	ཉམས་	NOUN
དགའ་བ་	དགའ་བ་	VERB
འང་	ཀྱང་	PART
"།

།"		PUNCT
བདག་	བདག་	PRON
རྒྱུ་	རྒྱུ་	NOUN
སྔ་མ་	སྔ་མ་	ADJ
སྔ་མ་	སྔ་མ་	ADJ
ལ་	ལ་	ADP
། །		PUNCT
བརྟེན་	བརྟེན་	VERB
ན་	ནས་	PART
ཕྱི་མ་	ཕྱི་མ་	ADJ
ཕྱེ་མ་	ཕྱེ་མ་	OTHER
ཡི་	ཡི་	ADP
། །		PUNCT
འབྲས་བུ་	འབྲས་བུ་	NOUN
དེ་	དེ་	DET
འདྲ་	འདྲ་	VERB
འབྱུང་བ་	འབྱུང་བ་	VERB
ཡིན་	ཡིན་	NO_POS
། །		PUNCT
དེ་ཕྱིར་	དེ་ཕྱིར་	NO_POS
ཀུན་རྫོབ་	ཀུན་རྫོབ་	NOUN
རྒྱུ་	རྒྱུ་	NOUN
མེད་	མེད་	VERB
ན་	ན་	ADP
། །		PUNCT
རུང་	རུང་	SCONJ
མིན་	མིན་	AUX
ཞེས་་	ཞེས་པ་	PART
འང་	ཀྱང་	PART
ལེགས་པ་	ལེགས་པ་	VERB
ཡིན་	ཡིན་	NO_POS
། །		PUNCT
གལ་ཏེ་	གལ་ཏེ་	NO_POS
འདི་	འདི་	DET
ཡི་	ཡི་	ADP
ཉེར་ལེན་པ་	ཉེར་ལེན་པ་	NO_POS
། །		PUNCT
ཡང་དག་	ཡང་དག་	ADJ
ཡིན་	ཡིན་	NO_POS
ན་	ན་	ADP
དེ་	དེ་	DET
སྨྲོས་	སྨྲོས་	VERB
ཤིག་	ཅིག་	PART
།		PUNCT
དངོས་པོ་	དངོས་པོ་	NOUN
ཀུན་	ཀུན་	DET
གྱི་	གི་	PART
རང་བཞིན་	རང་བཞིན་	NOUN
ནི་	ནི་	NO_POS
། །		PUNCT
རིགས་པ་	རིགས་པ་	VERB
འི་	གི་	PART
ལམ་	གམ་	PART
གྱི་	གི་	PART
རྗེས་	རྗེས་	NOUN
འབྲང་བ་	འབྲང་བ་	VERB
། །		PUNCT
གཞན་དག་	གཞན་དག་	NO_POS
འདོད་པ་	འདོད་པ་	VERB
སེལ་བ་	སེལ་བ་	VERB
ར་	ལ་	PART
བྱེད་	བྱེད་	VERB
། །		PUNCT
དེ་ཕྱིར་	དེ་ཕྱིར་	NO_POS
རྒོལ་བ་	རྒོལ་བ་	VERB
འི་	གི་	PART
གནས་	གནས་	NOUN
མེད་	མེད་	VERB
དོ་	གོ་	PART
། །		PUNCT
ཡོད་	ཡོད་	VERB
དང་	དང་	NO_POS
མེད་	མེད་	VERB
དང་	དང་	NO_POS
ཡོད་མེད་	ཡོད་མེད་	ADJ
ཅེས་	ཅེས་	PART
། །		PUNCT
ཁ་	ཁ་	PRON
ས་	གིས་	PART
མི་	མི་	PART
ལེན་པ་	ལེན་པ་	VERB
གང་ཡིན་པ་	གང་ཡིན་པ་	NO_POS
། །		PUNCT
དེ་	དེ་	DET
ལ་	ལ་	ADP
ནན་ཏན་	ནན་ཏན་	NOUN
ལྡན་པ་	ལྡན་པ་	VERB
ས་	གིས་	PART
ཀྱང་	ཀྱང་	PART
། །		PUNCT
ཅིར་	ཅིར་	NO_POS
ཡང་	ཀྱང་	PART
ཀླན་ཀ་	ཀླན་ཀ་	NOUN
བྱ་	བྱ་	VERB
མི་	མི་	PART
ནུས་	ནུས་	VERB
། །		PUNCT
དེ་ཕྱིར་	དེ་ཕྱིར་	NO_POS
ཡང་དག་	ཡང་དག་	ADJ
ཉིད་	ཉིད་	DET
དུ་	ལ་	PART
ན་	ན་	ADP
། །		PUNCT
དངོས་པོ་	དངོས་པོ་	NOUN
གང་ཡང་	གང་ཡང་	NO_POS
གྲུབ་པ་	གྲུབ་པ་	VERB
མེད་	མེད་	VERB
། །		PUNCT
དེ་ཕྱིར་	དེ་ཕྱིར་	NO_POS
དེ་བཞིན་	དེ་བཞིན་	OTHER
གཤེགས་	གཤེགས་	VERB
རྣམས་	རྣམས་	DET
ཀྱིས་	གིས་	PART
། །		PUNCT
ཆོ་	ཆོ་	NOUN
རྣམས་	རྣམས་	DET
ཐམས་ཅད་	ཐམས་ཅད་	DET
མ་	མ་	PART
སྐྱེ་	སྐྱེ་	VERB
གསུངས་	གསུངས་	VERB
། །		PUNCT
དམ་པ་	དམ་པ་	VERB
འི་	གི་	PART
དོན་	དོན་	NOUN
དང་	དང་	NO_POS
མཐུན་པ་	མཐུན་པ་	VERB
འི་	གི་	PART
ཕྱི་	ཕྱི་	OTHER
། །		PUNCT
འདི་	འདི་	DET
ནི་	ནི་	NO_POS
དམ་པ་	དམ་པ་	VERB
འི་	གི་	PART
དོན་	དོན་	NOUN
ཞེ་	ཅེས་	PART
བྱ་	བྱ་	VERB
། །		PUNCT
ཡང་དག་	ཡང་དག་	ADJ
ཏུ་	ལ་	PART
ན་	ན་	ADP
སྤྲོས་པ་	སྤྲོས་པ་	VERB
ཡི་	ཡི་	ADP
། །		PUNCT
ཚོགས་	ཚོགས་	NOUN
རྣམས་	རྣམས་	DET
ཀུན་	ཀུན་	DET
ལ་	ལ་	ADP
ས་	གིས་	PART
དེ་	དེ་	DET
གྲོལ་	གྲོལ་	VERB
ཡིན་	ཡིན་	NO_POS
། །		PUNCT
སྐྱེ་	སྐྱེ་	NOUN
ལ་སོགས་པ་	ལ་སོགས་པ་	NO_POS
མེད་པ་	མེད་པ་	VERB
འི་	གི་	PART
ཕྱི་	ཕྱི་	OTHER
། །		PUNCT
སྐྱེ་བ་	སྐྱེ་བ་	VERB
མེད་	མེད་	VERB
ལ་སོགས་	ལ་སོགས་	NO_POS
མི་	མི་	PART
སྲིད་	སྲིད་	NOUN
། །		PUNCT
དེ་	དེ་	DET
ཡི་	ཡི་	ADP
ངོ་བོ་	ངོ་བོ་	NOUN
བཀག་པ་	བཀག་པ་	VERB
འི་	གི་	PART
ཕྱི་	ཕྱི་	OTHER
། །		PUNCT
དེ་	དེ་	DET
ཡི་	ཡི་	ADP
ཚིག་	ཚིག་	NOUN
གི་	གི་	PART
སྒྲ་	སྒྲ་	NOUN
མི་	མི་	PART
སྲིད་	སྲིད་	NOUN
། །		PUNCT
ཡུལ་མེད་པ་	ཡུལ་མེད་པ་	NO_POS
ལ་	ལ་	ADP
དགག་པ་	དགག་པ་	VERB
ཡི་	ཡི་	ADP
། །		PUNCT
སྦྱོར་བ་	སྦྱོར་བ་	VERB
ལེགས་པ་	ལེགས་པ་	VERB
ཡོད་	ཡོད་	VERB
མ་	མ་	PART
ཡིན་	ཡིན་	NO_POS
། །		PUNCT
རྣམ་པ་	རྣམ་པ་	NOUN
ར་	ལ་	PART
རྟོག་	རྟོག་	VERB
ལ་	ལ་	ADP
རྟེན་	རྟེན་	NOUN
ན་	ན་	ADP
ཡང་	ཀྱང་	PART
། །		PUNCT
ཀུན་རྫོབ་པ་	ཀུན་རྫོབ་པ་	NO_POS
ར་	ལ་	PART
འགྱུར་	འགྱུར་	VERB
ཡང་དག་	ཡང་དག་	ADJ
མིན་	མིན་	AUX
། །		PUNCT
འོ་ན་	འོ་ན་	NO_POS
དེ་	དེ་	DET
ནི་	ནི་	NO_POS
རྟོགས་	རྟོགས་	VERB
གྱུར་པ་	གྱུར་པ་	VERB
ས་	གིས་	PART
། །		PUNCT
དེ་	དེ་	DET
ཡི་	ཡི་	ADP
རང་བཞིན་	རང་བཞིན་	NOUN
མངོན་སུམ་	མངོན་སུམ་	NOUN
ཕྱི་	ཕྱི་	OTHER
། །		PUNCT
མི་	མི་	PART
མཁའ་	མཁའ་	VERB
རྣམས་	རྣམས་	DET
ཀྱང་	ཀྱང་	PART
དངོ་	དངོ་	NOUN
རྣམས་	རྣམས་	DET
ཀྱི་	གི་	PART
། །		PUNCT
དངོས་པོ་	དངོས་པོ་	NOUN
འདི་འདྲ་	འདི་འདྲ་	NO_POS
ཅིས་	ཅིས་	NO_POS
མི་	མི་	PART
རྟོགས་	རྟོགས་	VERB
། །		PUNCT
མ་	མ་	PART
ཡིན་	ཡིན་	NO_POS
ཐོག་མེད་	ཐོག་མེད་	PROPN
རྒྱུད་	རྒྱུད་	NOUN
ལྕི་བ་	ལྕི་བ་	VERB
ར་	ལ་	PART
། །		PUNCT
དངོས་པོ་	དངོས་པོ་	NOUN
ར་	ལ་	PART
སྒྲོ་	སྒྲོ་	NOUN
བཏགས་	བཏགས་	VERB
དབང་	དབང་	NOUN
བྱས་པ་	བྱས་པ་	VERB
ས་	གིས་	PART
། །		PUNCT
དེ་ཕྱིར་	དེ་ཕྱིར་	NO_POS
སྲོག་ཆགས་	སྲོག་ཆགས་	NOUN
ཐམས་ཅད་	ཐམས་ཅད་	DET
ཀྱིས་	གིས་	PART
། །		PUNCT
མངོན་སུམ་	མངོན་སུམ་	NOUN
རྟོགས་པ་	རྟོགས་པ་	VERB
ར་	ལ་	PART
མི་	མི་	PART
འགྱུར་	འགྱུར་	VERB
རོ་	རོ་	NOUN
། །		PUNCT
དེ་	དེ་	DET
ལ་	ལ་	ADP
སྒྲོ་	སྒྲོ་	NOUN
བཏགས་	བཏགས་	VERB
གཅོད་བྱེད་པ་	གཅོད་བྱེད་པ་	OTHER
། །		PUNCT
ཤེས་པ་	ཤེས་པ་	VERB
ར་	ལ་	PART
བྱེད་པ་	བྱེད་པ་	VERB
འི་	གི་	PART
གཏན་ཚིགས་	གཏན་ཚིགས་	NOUN
ཀྱིས་	གིས་	PART
། །		PUNCT
རྗེས་སུ་	རྗེས་སུ་	OTHER
དཔོག་	དཔོག་	VERB
རྣམས་	རྣམས་	DET
ཤེས་པ་	ཤེས་པ་	VERB
ར་	ལ་	PART
བྱེད་	བྱེད་	VERB
། །		PUNCT
རྣལ་འབྱོར་	རྣལ་འབྱོར་	NOUN
དབང་	དབང་	NOUN
རྣམས་	རྣམས་	DET
མངོན་སུམ་	མངོན་སུམ་	NOUN
གསལ་	གསལ་	VERB
། །		PUNCT
གཞུང་	གཞུང་	NOUN
གིས་	གིས་	PART
སྐྱེད་པ་	སྐྱེད་པ་	VERB
འི་	གི་	PART
བྱེ་བྲག་	བྱེ་བྲག་	NOUN
གིས་	གིས་	PART
། །		PUNCT
ཆོས་ཅན་	ཆོས་ཅན་	NOUN
སྤངས་	སྤངས་	VERB
ན་	ནས་	PART
མཁས་པ་	མཁས་པ་	VERB
དང་	དང་	NO_POS
། །		PUNCT
བུད་མེད་	བུད་མེད་	NOUN
བྱིས་པ་	བྱིས་པ་	NOUN
འི་	གི་	PART
བ་	བ་	NOUN
དག་	དག་	DET
ལ་	ལ་	ADP
། །		PUNCT
གྲགས་པ་	གྲགས་པ་	VERB
ར་	ལ་	PART
གྱུར་པ་	གྱུར་པ་	VERB
འི་	གི་	PART
དངོ་	དངོ་	NOUN
རྣམས་	རྣམས་	DET
ལ་	ལ་	ADP
། །		PUNCT
བསྒྲུབ་	བསྒྲུབ་	VERB
དང་	དང་	NO_POS
བསྒྲུབ་པ་	བསྒྲུབ་པ་	VERB
འི་	གི་	PART
དངོས་པོ་	དངོས་པོ་	NOUN
འདི་	འདི་	DET
། །		PUNCT
མ་	མ་	PART
ལུས་	ལུས་	NOUN
ཡང་དག་	ཡང་དག་	ADJ
འཇུག་པ་	འཇུག་པ་	VERB
ར་	ལ་	PART
འགྱུར་	འགྱུར་	VERB
། །		PUNCT
དེ་ལྟ་	དེ་ལྟ་	NO_POS
མིན་	མིན་	AUX
ན་	ན་	ADP
གཞི་མ་	གཞི་མ་	OTHER
གྲུབ་	གྲུབ་	VERB
"།

།"		PUNCT
ལ་སོགས་	ལ་སོགས་	NO_POS
ལེན་	ལེན་	VERB
ནི་	ནི་	NO_POS
ཇི་སྐད་	ཇི་སྐད་	NO_POS
གདབ་	གདབ་	NO_POS
། །		PUNCT
བདག་	བདག་	PRON
ནི་	ནི་	NO_POS
སྣང་བ་	སྣང་བ་	VERB
འི་	གི་	PART
ངང་	ངང་	NOUN
ཅན་	ཅན་	PART
གྱིས་	གིས་	PART
། །		PUNCT
དངོས་པོ་	དངོས་པོ་	NOUN
དགག་པ་	དགག་པ་	VERB
ར་	ལ་	PART
མི་	མི་	PART
བྱེད་	བྱེད་	VERB
དེ་	དེ་	DET
། །		PUNCT
དེ་ལྟ་བས་ན་	དེ་ལྟ་བས་ན་	NO_POS
བསྒྲུབ་པ་	བསྒྲུབ་པ་	VERB
དང་	དང་	NO_POS
། །		PUNCT
བསྒྲུབ་བྱ་	བསྒྲུབ་བྱ་	VERB
གཞག་པ་	གཞག་པ་	VERB
འཁྲུགས་པ་	འཁྲུགས་པ་	VERB
མེད་	མེད་	VERB
། །		PUNCT
དེ་ཕྱིར་	དེ་ཕྱིར་	NO_POS
ཐོག་མེད་	ཐོག་མེད་	PROPN
སྲིད་	སྲིད་	NOUN
རྒྱུད་	རྒྱུད་	NOUN
ན་	ནས་	PART
། །		PUNCT
དངོ་	དངོ་	NOUN
དང་	དང་	NO_POS
དངོས་མེད་	དངོས་མེད་	NOUN
རྟོགས་	རྟོགས་	VERB
སོགས་	སོགས་	DET
ཀྱི་	གི་	PART
། །		PUNCT
རིགས་	རིགས་	NOUN
དང་	དང་	NO_POS
མཐུན་པ་	མཐུན་པ་	VERB
འི་	གི་	PART
ས་བོན་	ས་བོན་	NOUN
ཉིད་	ཉིད་	DET
། །		PUNCT
རྗེས་སུ་	རྗེས་སུ་	OTHER
དཔག་པ་	དཔག་པ་	VERB
ར་	ལ་	PART
བྱ་བ་	བྱ་བ་	VERB
ཡིན་	ཡིན་	NO_POS
། །		PUNCT
འདི་	འདི་	DET
ནི་	ནི་	NO_POS
དངོས་པོ་	དངོས་པོ་	NOUN
འི་	གི་	PART
མཐུ་སྟོབས་	མཐུ་སྟོབས་	NOUN
ཀྱིས་	གིས་	PART
། །		PUNCT
འབྱུང་བ་	འབྱུང་བ་	VERB
མ་	མ་	PART
ཡིན་	ཡིན་	NO_POS
དེ་	དེ་	DET
མེད་	མེད་	VERB
ཕྱི་	ཕྱི་	OTHER
། །		PUNCT
དངོས་པོ་	དངོས་པོ་	NOUN
རྣམས་	རྣམས་	DET
ཀྱི་	གི་	PART
བདག་ཉིད་	བདག་ཉིད་	NOUN
དེ་	དེ་	DET
། །		PUNCT
རྒྱ་	རྒྱ་	NOUN
ཆེ་	ཆེ་	VERB
ར་	ལ་	PART
རབ་ཏུ་	རབ་ཏུ་	NO_POS
བཀག་པ་	བཀག་པ་	VERB
ཡིན་	ཡིན་	NO_POS
། །		PUNCT
རིམ་གྱིས་	རིམ་གྱིས་	NO_POS
འབྱུང་	འབྱུང་	VERB
ཕྱི་	ཕྱི་	OTHER
གློ་བུ་	གློ་བུ་	OTHER
མིན་	མིན་	AUX
། །		PUNCT
རྟག་	རྟག་	VERB
འབྱུང་	འབྱུང་	VERB
མ་	མ་	PART
ཡིན་	ཡིན་	NO_POS
རྟག་	རྟག་	VERB
མ་	མ་	PART
ཡིན་	ཡིན་	NO_POS
། །		PUNCT
དེ་བ་	དེ་བ་	OTHER
ས་	གིས་	PART
གོམས་	གོམས་	VERB
འདྲ་	འདྲ་	VERB
དེ་ཉིད་	དེ་ཉིད་	NOUN
ཕྱི་	ཕྱི་	OTHER
། །		PUNCT
དང་པོ་	དང་པོ་	ADJ
རང་	རང་	PRON
གི་	གི་	PART
རིགས་	རིགས་	NOUN
ལ་	ལ་	ADP
ས་	གིས་	PART
སྐྱེ་	སྐྱེ་	VERB
། །		PUNCT
དེ་ཕྱིར་	དེ་ཕྱིར་	NO_POS
རྟག་ཆད་	རྟག་ཆད་	NOUN
ལྟ་བ་	ལྟ་བ་	VERB
རྣམས་	རྣམས་	DET
། །		PUNCT
གཞུང་	གཞུང་	NOUN
འདི་	འདི་	DET
ལ་	ལ་	ADP
ནི་	ནི་	NO_POS
རིང་	རིང་	NOUN
དུ་	ལ་	PART
གནས་	གནས་	NOUN
། །		PUNCT
ལྡོག་	ལྡོག་	VERB
དང་	དང་	NO_POS
རྗེས་སུ་	རྗེས་སུ་	OTHER
འཇུག་པ་	འཇུག་པ་	VERB
ཡང་	ཀྱང་	PART
། །		PUNCT
ས་བོན་	ས་བོན་	NOUN
མྱུ་གུ་	མྱུ་གུ་	NOUN
ལྕུག་	ལྕུག་	NO_POS
སོགས་	སོགས་	DET
བཞིན་	བཞིན་	NOUN
། །		PUNCT
ཆོ་	ཆོ་	NOUN
ལ་	ལ་	ADP
བདག་མེད་	བདག་མེད་	ADJ
མཁས་པ་	མཁས་པ་	VERB
ནི་	ནི་	NO_POS
། །		PUNCT
རང་བཞིན་	རང་བཞིན་	NOUN
མེད་པ་	མེད་པ་	VERB
གོམས་	གོམས་	VERB
བྱས་པ་	བྱས་པ་	VERB
ས་	གིས་	PART
། །		PUNCT
ཕྱིན་	ཕྱིན་	VERB
ཅི་	ཅི་	NO_POS
ལོག་	ལོག་	VERB
ལ་	ལ་	ADP
ས་	གིས་	PART
བྱུང་བ་	བྱུང་བ་	VERB
ཡི་	ཡི་	ADP
། །		PUNCT
ཉོན་མོངས་	ཉོན་མོངས་	NOUN
སྒྲིབ་པ་	སྒྲིབ་པ་	VERB
མེད་པ་	མེད་པ་	VERB
ར་	ལ་	PART
སྤོང་	སྤོང་	VERB
། །		PUNCT
རྒྱུ་	རྒྱུ་	NOUN
དང་	དང་	NO_POS
འབྲས་བུ་	འབྲས་བུ་	NOUN
འི་	གི་	PART
དངོས་པོ་	དངོས་པོ་	NOUN
ནི་	ནི་	NO_POS
། །		PUNCT
ཀུན་རྫོབ་	ཀུན་རྫོབ་	NOUN
ཏུ་	ལ་	PART
ནི་	ནི་	NO_POS
མ་	མ་	PART
བཟློག་པ་	བཟློག་པ་	VERB
ས་	གིས་	PART
། །		PUNCT
ཀུན་	ཀུན་	DET
ན་	ནས་	PART
ཉོན་མོངས་	ཉོན་མོངས་	NOUN
རྣམ་བྱང་	རྣམ་བྱང་	ADJ
སོགས་	སོགས་	DET
། །		PUNCT
རྣམ་པ་	རྣམ་པ་	NOUN
ར་	ལ་	PART
གཞག་པ་	གཞག་པ་	VERB
འཁྲུགས་པ་	འཁྲུགས་པ་	VERB
མེད་	མེད་	VERB
། །		PUNCT
འདི་ལྟར་	འདི་ལྟར་	NO_POS
རྒྱུ་	རྒྱུ་	NOUN
དང་	དང་	NO_POS
འབྲས་བུ་	འབྲས་བུ་	NOUN
ཡི་	ཡི་	ADP
། །		PUNCT
ཆོ་	ཆོ་	NOUN
འདི་	འདི་	DET
རྣམ་པ་	རྣམ་པ་	NOUN
ར་	ལ་	PART
གཞག་པ་	གཞག་པ་	VERB
ས་	གིས་	PART
ན་	ན་	ADP
། །		PUNCT
ཚོགས་	ཚོགས་	NOUN
རྣམས་	རྣམས་	DET
དྲི་མ་	དྲི་མ་	NOUN
མེད་པ་	མེད་པ་	VERB
ཡང་	ཀྱང་	PART
། །		PUNCT
གཞུང་	གཞུང་	NOUN
འདི་ཉིད་	འདི་ཉིད་	OTHER
ལ་	ལ་	ADP
རུང་བ་	རུང་བ་	VERB
ཡིན་	ཡིན་	NO_POS
། །		PUNCT
རྣམ་པ་	རྣམ་པ་	NOUN
ར་	ལ་	PART
དག་པ་	དག་པ་	VERB
འི་	གི་	PART
རྒྱུ་ལ་	རྒྱུ་ལ་	NO_POS
ས་	གིས་	PART
ནི་	ནི་	NO_POS
། །		PUNCT
འབྲས་བུ་	འབྲས་བུ་	NOUN
རྣམ་པ་	རྣམ་པ་	NOUN
ར་	ལ་	PART
དག་པ་	དག་པ་	VERB
འབྱུང་	འབྱུང་	VERB
། །		PUNCT
ཡང་དག་	ཡང་དག་	ADJ
ལྟ་	ལྟ་	NOUN
བྱུང་ཚུལ་	བྱུང་ཚུལ་	VERB
ཁྲིམས་	ཁྲིམས་	NOUN
ཀྱི་	གི་	PART
། །		PUNCT
ཡན་ལག་	ཡན་ལག་	NOUN
ལ་སོགས་	ལ་སོགས་	NO_POS
རྣམ་དག་	རྣམ་དག་	ADJ
བཞིན་	བཞིན་	NOUN
། །		PUNCT
དེ་བཞིན་	དེ་བཞིན་	OTHER
རྣམ་དག་	རྣམ་དག་	ADJ
མ་	མ་	PART
ཡིན་	ཡིན་	NO_POS
ལ་	ལ་	ADP
། །		PUNCT
འབྲས་བུ་	འབྲས་བུ་	NOUN
རྣམ་དག་	རྣམ་དག་	ADJ
མ་	མ་	PART
ཡིན་	ཡིན་	NO_POS
འབྱུང་	འབྱུང་	VERB
། །		PUNCT
ལོག་ལྟ་	ལོག་ལྟ་	NOUN
འི་	གི་	PART
སྟོབས་	སྟོབས་	NOUN
ལ་	ལ་	ADP
ས་	གིས་	PART
བྱུང་བ་	བྱུང་བ་	VERB
ཡི་	ཡི་	ADP
། །		PUNCT
ལོག་པ་	ལོག་པ་	VERB
ར་	ལ་	PART
གཡེམ་	གཡེམ་	NO_POS
ལ་སོགས་པ་	ལ་སོགས་པ་	NO_POS
བཞིན་	བཞིན་	NOUN
། །		PUNCT
ཚད་མ་	ཚད་མ་	NOUN
འི་	གི་	PART
གནོད་པ་	གནོད་པ་	VERB
ཡོད་པ་	ཡོད་པ་	VERB
ས་	གིས་	PART
ན་	ན་	ADP
། །		PUNCT
དངོས་པོ་	དངོས་པོ་	NOUN
ར་	ལ་	PART
དམིགས་པ་	དམིགས་པ་	VERB
ཡོད་པ་	ཡོད་པ་	VERB
ནི་	ནི་	NO_POS
། །		PUNCT
སྨིག་རྒྱུ་	སྨིག་རྒྱུ་	NOUN
ལ་སོགས་	ལ་སོགས་	NO_POS
ཤེས་པ་	ཤེས་པ་	VERB
བཞིན་	བཞིན་	NOUN
། །		PUNCT
ཕྱིན་	ཕྱིན་	VERB
ཅི་	ཅི་	NO_POS
ལོག་པ་	ལོག་པ་	VERB
ར་	ལ་	PART
ཡོངས་སུ་	ཡོངས་སུ་	NO_POS
རྟོག་	རྟོག་	VERB
།		PUNCT
དེ་ཕྱིར་	དེ་ཕྱིར་	NO_POS
དེ་	དེ་	DET
མཐུ་	མཐུ་	NOUN
ས་	གིས་	PART
བྱུང་བ་	བྱུང་བ་	VERB
ཡི་	ཡི་	ADP
། །		PUNCT
ཕ་རོལ་	ཕ་རོལ་	NOUN
ཕྱིན་པ་	ཕྱིན་པ་	VERB
བསྒྲུབ་པ་	བསྒྲུབ་པ་	VERB
ཀུན་	ཀུན་	DET
། །		PUNCT
བདག་	བདག་	PRON
དང་	དང་	NO_POS
བདག་	བདག་	PRON
གིར་		NON_WORD
ལོག་པ་	ལོག་པ་	VERB
ལ་	ལ་	ADP
ས་	གིས་	PART
། །		PUNCT
བྱུང་བ་	བྱུང་བ་	VERB
བཞིན་	བཞིན་	NOUN
དུ་	ལ་	PART
སྟོབས་	སྟོབས་	NOUN
ཆུང་	ཆུང་	VERB
ངོ་	ངོ་	PART
། །		PUNCT
དངོས་པོ་	དངོས་པོ་	NOUN
ར་	ལ་	PART
དམིགས་པ་	དམིགས་པ་	VERB
མེད་པ་	མེད་པ་	VERB
ལ་	ལ་	ADP
ས་	གིས་	PART
"།

།"		PUNCT
བྱུང་བ་	བྱུང་བ་	VERB
འབྲས་བུ་	འབྲས་བུ་	NOUN
ཆེན་པོ་	ཆེན་པོ་	ADJ
སྟེ་	སྟེ་	PART
། །		PUNCT
རྒྱས་པ་	རྒྱས་པ་	VERB
འི་	གི་	PART
རྒྱུ་ལ་	རྒྱུ་ལ་	NO_POS
ས་	གིས་	PART
བྱུང་བ་	བྱུང་བ་	VERB
འི་	གི་	PART
ཕྱི་	ཕྱི་	OTHER
། །		PUNCT
ས་བོན་	ས་བོན་	NOUN
གྲུང་བ་	གྲུང་བ་	NO_POS
འི་	གི་	PART
མྱུག་	མྱུག་	NO_POS
སོགས་	སོགས་	DET
བཞིན་	བཞིན་	NOUN
། །		PUNCT
རྒྱུ་	རྒྱུ་	NOUN
དང་	དང་	NO_POS
འབྲས་བུ་	འབྲས་བུ་	NOUN
ར་	ལ་	PART
གྱུར་པ་	གྱུར་པ་	VERB
ཡང་	ཀྱང་	PART
། །		PUNCT
ཤེས་པ་	ཤེས་པ་	VERB
འབའ་ཞིག་	འབའ་ཞིག་	NO_POS
ཁོ་ན་	ཁོ་ན་	DET
སྟེ་	སྟེ་	PART
། །		PUNCT
རང་	རང་	PRON
གི་	གི་	PART
གྲུབ་པ་	གྲུབ་པ་	VERB
གང་ཡིན་པ་	གང་ཡིན་པ་	NO_POS
། །		PUNCT
དེ་	དེ་	DET
ནི་	ནི་	NO_POS
ཤེས་པ་	ཤེས་པ་	VERB
ར་	ལ་	PART
གནས་པ་	གནས་པ་	VERB
ཡིན་	ཡིན་	NO_POS
། །		PUNCT
སེམས་	སེམས་	NOUN
ཙམ་	ཙམ་	DET
ལ་	ལ་	ADP
ནི་	ནི་	NO_POS
བརྟེན་	བརྟེན་	VERB
ན་	ནས་	PART
སུ་	སུ་	ADP
། །		PUNCT
ཕྱི་རོལ་	ཕྱི་རོལ་	NOUN
དངོས་མེད་	དངོས་མེད་	NOUN
ཤེས་པ་	ཤེས་པ་	VERB
ར་	ལ་	PART
བྱ་	བྱ་	VERB
། །		PUNCT
ཚུལ་	ཚུལ་	NOUN
འདི་	འདི་	DET
ར་	ལ་	PART
བརྟེན་	བརྟེན་	VERB
ན་	ནས་	PART
དེ་	དེ་	DET
ལ་	ལ་	ADP
ཡང་	ཀྱང་	PART
། །		PUNCT
ཤིན་ཏུ་	ཤིན་ཏུ་	NO_POS
བདག་མེད་	བདག་མེད་	ADJ
ཤེས་པ་	ཤེས་པ་	VERB
ར་	ལ་	PART
བྱ་	བྱ་	VERB
། །		PUNCT
ཚུལ་	ཚུལ་	NOUN
གཉིས་	གཉིས་	NUM
ཤིང་རྟ་	ཤིང་རྟ་	NOUN
ཞོན་	ཞོན་	VERB
ན་	ནས་	PART
སུ་	སུ་	ADP
། །		PUNCT
རིགས་པ་	རིགས་པ་	VERB
འི་	གི་	PART
སྲབ་སྐྱོགས་	སྲབ་སྐྱོགས་	NO_POS
འཇུ་	འཇུ་	NO_POS
བྱེད་པ་	བྱེད་པ་	VERB
། །		PUNCT
དེ་དག་	དེ་དག་	OTHER
དེ་ཕྱིར་	དེ་ཕྱིར་	NO_POS
ཇི་བཞིན་	ཇི་བཞིན་	OTHER
དོན་	དོན་	NOUN
། །		PUNCT
ཐེག་པ་	ཐེག་པ་	NOUN
ཆེན་པོ་པ་	ཆེན་པོ་པ་	ADJ
ཉིད་	ཉིད་	DET
འཐོབ་	འཐོབ་	VERB
། །		PUNCT
ཁྱབ་	ཁྱབ་	VERB
དང་	དང་	NO_POS
དབང་	དབང་	NOUN
ལ་སོགས་	ལ་སོགས་	NO_POS
མ་	མ་	PART
མྱོང་	མྱོང་	VERB
། །		PUNCT
དཔག་	དཔག་	VERB
ཏུ་	ལ་	PART
མེད་པ་	མེད་པ་	VERB
ར་	ལ་	PART
གནས་པ་	གནས་པ་	VERB
འི་	གི་	PART
རྒྱུ་	རྒྱུ་	NOUN
། །		PUNCT
འཇིག་རྟེན་	འཇིག་རྟེན་	NOUN
སྤྱི་བོ་	སྤྱི་བོ་	NOUN
ར་	ལ་	PART
གྱུར་པ་	གྱུར་པ་	VERB
ས་	གིས་	PART
ཀྱང་	ཀྱང་	PART
། །		PUNCT
ཤིན་ཏུ་	ཤིན་ཏུ་	NO_POS
མྱོང་བ་	མྱོང་བ་	VERB
མ་ཡིན་པ་	མ་ཡིན་པ་	OTHER
། །		PUNCT
ཡང་དག་	ཡང་དག་	ADJ
བདུད་རྩི་	བདུད་རྩི་	NOUN
དག་པ་	དག་པ་	VERB
འདི་	འདི་	DET
། །		PUNCT
ཐུགས་རྗེ་	ཐུགས་རྗེ་	NOUN
དག་པ་	དག་པ་	VERB
འི་	གི་	PART
རྒྱུ་ཅན་	རྒྱུ་ཅན་	NO_POS
གྱི་	གི་	PART
། །		PUNCT
དེ་བཞིན་	དེ་བཞིན་	OTHER
གཤེགས་པ་	གཤེགས་པ་	VERB
མ་གཏོགས་པ་	མ་གཏོགས་པ་	NO_POS
ར་	ལ་	PART
། །		PUNCT
གཞན་	གཞན་	DET
གྱི་	གི་	PART
ལོངས་སྤྱོད་	ལོངས་སྤྱོད་	NOUN
མ་	མ་	PART
ཡིན་	ཡིན་	NO_POS
ནོ་	གོ་	PART
། །		PUNCT
དེ་ཕྱིར་	དེ་ཕྱིར་	NO_POS
ལོག་པ་	ལོག་པ་	VERB
ར་	ལ་	PART
བསྟན་པ་	བསྟན་པ་	VERB
ཡི་	ཡི་	ADP
། །		PUNCT
གྲུབ་མཐ་	གྲུབ་མཐའ་	NOUN
ར་	ལ་	PART
འཆེལ་བ་	འཆེལ་བ་	NO_POS
འི་	གི་	PART
བློ་	བློ་	NOUN
ཅན་	ཅན་	PART
ལ་	ལ་	ADP
། །		PUNCT
དེ་	དེ་	DET
ལུགས་	ལུགས་	NOUN
རྗེས་འཇུག་	རྗེས་འཇུག་	NOUN
བློ་	བློ་	NOUN
ཅན་	ཅན་	PART
རྣམས་	རྣམས་	DET
། །		PUNCT
སྙིང་རྗེ་	སྙིང་རྗེ་	NOUN
ཉིད་	ཉིད་	DET
ནི་	ནི་	NO_POS
རབ་ཏུ་	རབ་ཏུ་	NO_POS
སྐྱེ་	སྐྱེ་	NOUN
། །		PUNCT
བློ་	བློ་	NOUN
ནོར་ལྡན་པ་	ནོར་ལྡན་པ་	NO_POS
ས་	གིས་	PART
ལུགས་	ལུགས་	NOUN
གཞན་	གཞན་	DET
ལ་	ལ་	ADP
། །		PUNCT
ཇི་ལྟ་		
སྙིང་པོ་	སྙིང་པོ་	NOUN
མེད་	མེད་	VERB
མཐོང་བ་	མཐོང་བ་	VERB
། །		PUNCT
དེ་ལྟ་	དེ་ལྟ་	NO_POS
དེ་དག་	དེ་དག་	OTHER
སྐྱོབ་པ་	སྐྱོབ་པ་	VERB
ལ་	ལ་	ADP
། །		PUNCT
གུས་པ་	གུས་པ་	VERB
ཤིན་ཏུ་	ཤིན་ཏུ་	NO_POS
སྐྱེ་བ་	སྐྱེ་བ་	VERB
ར་	ལ་	PART
འགྱུར་	འགྱུར་	VERB
། །		PUNCT
དབུ་མ་	དབུ་མ་	PROPN
འི་	གི་	PART
རྒྱན་	རྒྱན་	NOUN
གྱི་	གི་	PART
ཚིག་ལེའུ་	ཚིག་ལེའུ་	OTHER
ར་	ལ་	PART
བྱས་པ་	བྱས་པ་	VERB
།		PUNCT
སློབ་དཔོན་	སློབ་དཔོན་	NOUN
ཞི་བ་འཚོ་	ཞི་བ་འཚོ་	PROPN
བདག་	བདག་	PRON
དང་	དང་	NO_POS
གཞན་	གཞན་	DET
གྱི་	གི་	PART
གྲུབ་པ་	གྲུབ་པ་	VERB
འི་	གི་	PART
མཐའ་	མཐའ་	NOUN
རྒྱ་མཚོ་	རྒྱ་མཚོ་	NOUN
འི་	གི་	PART
ཕ་རོལ་	ཕ་རོལ་	NOUN
ཏུ་	ལ་	PART
སོན་པ་	སོན་པ་	VERB
འཕགས་པ་	འཕགས་པ་	VERB
ངག་	ངག་	NOUN
གི་	གི་	PART
དབང་ཕྱུག་	དབང་ཕྱུག་	NOUN
གི་	གི་	PART
ཞབས་	ཞབས་	NOUN
ཀྱི་	གི་	PART
པདྨ་	པདྨ་	NOUN
རྙོག་པ་	རྙོག་པ་	VERB
མེད་པ་	མེད་པ་	VERB
འི་	གི་	PART
ཟེའུ་འབྲུ་	ཟེའུ་འབྲུ་	NOUN
སྤྱི་བོ་	སྤྱི་བོ་	NOUN
ས་	གིས་	PART
ལེན་པ་	ལེན་པ་	VERB
ས་	གིས་	PART
མཛད་པ་	མཛད་པ་	VERB
རྫོགས་	རྫོགས་	VERB
སོ་	སོ་	PART
། །		PUNCT
རྒྱ་གར་	རྒྱ་གར་	PROPN
གྱི་	གི་	PART
མཁན་པོ་	མཁན་པོ་	NOUN
སུ་	སུ་	ADP
རེན་		NON_WORD
དྲ་བོ་	དྲ་བོ་	NO_POS
དྷི་		NON_WORD
དང་	དང་	NO_POS
།		PUNCT
ཞུ་ཆེན་	ཞུ་ཆེན་	OTHER
གྱི་	གི་	PART
ལོ་ཙཱ་བ་	ལོ་ཙཱ་བ་	NOUN
བནྡེ་		NON_WORD
ཡེ་ཤེས་	ཡེ་ཤེས་	NOUN
སྡེ་	སྡེ་	NOUN
ས་	གིས་	PART
བསྒྱུར་	བསྒྱུར་	VERB
ཅིང་	ཅིང་	PART
ཞུ་	ཞུ་	VERB
ཏེ་	སྟེ་	PART
གཏན་	གཏན་	NOUN
ལ་	ལ་	ADP
ཕབ་པ་	ཕབ་པ་	VERB
འོ་	གོ་	PART
།། །།།		PUNCT
		
ཞི་བ་འཚོ་	ཞི་བ་འཚོ་	PROPN
།		PUNCT
དབུ་མ་	དབུ་མ་	PROPN
རྒྱན་	རྒྱན་	NOUN
།		PUNCT
		
